appointment_id,appointment_date,provider,appointment_type,age_group,lead_days,prior_no_shows,reminder_sent,appointment_hour,no_show,wait_minutes,outcome
A00137,2025-01-01,Provider D,Specialty,18–34,2,0,1,13,0,15.7,Completed
A00664,2025-01-01,Provider A,Behavioral health,18–34,40,2,0,15,1,,No-show
A01512,2025-01-01,Provider D,Primary care,18–34,22,0,1,15,0,13.9,Referred
A01605,2025-01-01,Provider A,Primary care,65+,5,0,1,13,0,10.3,Completed
A01709,2025-01-01,Provider D,Specialty,35–49,36,0,1,11,0,7.3,Completed
A01797,2025-01-01,Provider B,Follow-up,35–49,45,1,1,8,1,,No-show
A02058,2025-01-01,Provider C,Primary care,50–64,32,1,1,13,0,23.3,Completed
A02445,2025-01-01,Provider A,Primary care,18–34,8,0,1,15,0,19.6,Completed
A02770,2025-01-01,Provider C,Primary care,65+,24,0,0,10,0,21.3,Completed
A02864,2025-01-01,Provider B,Follow-up,50–64,27,0,1,9,0,7.9,Completed
A03252,2025-01-01,Provider B,Primary care,35–49,20,0,1,13,0,14.2,Referred
A00195,2025-01-02,Provider B,Behavioral health,50–64,32,1,0,10,0,3.7,Completed
A00249,2025-01-02,Provider B,Specialty,50–64,14,0,1,11,0,9.9,Completed
A00321,2025-01-02,Provider C,Follow-up,35–49,4,0,0,16,0,31.2,Completed
A00438,2025-01-02,Provider B,Primary care,65+,30,0,1,8,0,9.1,Completed
A00578,2025-01-02,Provider B,Behavioral health,35–49,4,0,1,13,0,14.4,Completed
A00624,2025-01-02,Provider D,Primary care,35–49,45,2,1,15,0,6.0,Completed
A00787,2025-01-02,Provider D,Specialty,35–49,41,1,1,10,0,7.8,Completed
A00908,2025-01-02,Provider D,Primary care,65+,36,0,1,16,0,10.7,Completed
A01121,2025-01-02,Provider C,Primary care,65+,45,3,0,15,1,,No-show
A01471,2025-01-02,Provider C,Specialty,18–34,8,0,1,15,0,25.0,Completed
A01871,2025-01-02,Provider A,Primary care,35–49,27,0,1,13,0,12.5,Completed
A02336,2025-01-02,Provider A,Follow-up,50–64,11,3,1,13,0,11.4,Completed
A02435,2025-01-02,Provider A,Behavioral health,65+,21,1,1,11,0,15.0,Completed
A02595,2025-01-02,Provider D,Specialty,18–34,4,1,1,8,0,9.2,Referred
A02736,2025-01-02,Provider D,Primary care,50–64,12,0,0,16,0,16.2,Completed
A02909,2025-01-02,Provider C,Primary care,35–49,14,0,1,11,0,20.5,Completed
A00134,2025-01-03,Provider C,Primary care,65+,35,0,1,11,0,21.1,Completed
A00537,2025-01-03,Provider C,Follow-up,35–49,18,0,1,9,0,20.1,Referred
A02139,2025-01-03,Provider D,Behavioral health,65+,1,0,0,10,1,,No-show
A02313,2025-01-03,Provider A,Primary care,50–64,12,0,1,15,0,14.5,Completed
A02321,2025-01-03,Provider D,Primary care,65+,17,0,1,13,0,14.5,Completed
A02817,2025-01-03,Provider C,Primary care,65+,28,0,1,10,0,19.8,Completed
A02863,2025-01-03,Provider D,Follow-up,50–64,33,0,1,11,0,10.8,Completed
A03204,2025-01-03,Provider C,Primary care,35–49,5,0,0,13,0,16.8,Completed
A03239,2025-01-03,Provider A,Primary care,65+,39,0,1,11,0,4.4,Completed
A00864,2025-01-04,Provider D,Primary care,50–64,13,0,1,16,0,15.6,Referred
A00979,2025-01-04,Provider C,Follow-up,18–34,18,1,0,10,0,24.4,Completed
A01321,2025-01-04,Provider A,Specialty,35–49,31,0,0,14,0,18.0,Completed
A02056,2025-01-04,Provider A,Primary care,50–64,20,2,1,14,0,24.3,Completed
A02104,2025-01-04,Provider D,Primary care,50–64,2,0,1,8,0,10.5,Referred
A02305,2025-01-04,Provider D,Behavioral health,18–34,17,0,1,16,0,15.9,Completed
A00404,2025-01-05,Provider A,Follow-up,50–64,39,0,0,16,0,19.8,Completed
A01484,2025-01-05,Provider B,Follow-up,18–34,7,0,1,11,0,11.2,Completed
A01778,2025-01-05,Provider B,Follow-up,35–49,3,0,1,13,0,15.3,Completed
A02756,2025-01-05,Provider D,Primary care,35–49,1,0,1,11,0,4.0,Completed
A03182,2025-01-05,Provider C,Follow-up,35–49,34,0,1,8,0,22.9,Completed
A00069,2025-01-06,Provider A,Primary care,35–49,38,0,1,15,0,16.0,Completed
A00299,2025-01-06,Provider C,Follow-up,50–64,18,0,1,13,0,10.7,Completed
A00312,2025-01-06,Provider A,Behavioral health,18–34,28,1,0,16,0,13.9,Completed
A01099,2025-01-06,Provider B,Primary care,50–64,22,0,0,10,1,,No-show
A01171,2025-01-06,Provider B,Specialty,50–64,21,1,0,14,0,14.0,Completed
A01212,2025-01-06,Provider C,Behavioral health,50–64,28,0,1,15,1,,No-show
A01697,2025-01-06,Provider A,Follow-up,65+,36,0,0,15,0,17.3,Referred
A01707,2025-01-06,Provider D,Behavioral health,50–64,16,0,1,14,0,10.1,Completed
A02257,2025-01-06,Provider D,Follow-up,35–49,28,0,1,14,0,21.9,Completed
A02417,2025-01-06,Provider A,Follow-up,50–64,39,0,1,16,1,,No-show
A02423,2025-01-06,Provider D,Follow-up,35–49,22,0,1,13,0,9.7,Referred
A02698,2025-01-06,Provider B,Follow-up,18–34,14,1,1,14,1,,No-show
A02900,2025-01-06,Provider C,Follow-up,50–64,12,0,0,10,0,15.1,Completed
A03524,2025-01-06,Provider B,Behavioral health,65+,12,0,1,11,0,9.5,Completed
A00633,2025-01-07,Provider D,Behavioral health,50–64,15,1,1,11,1,,No-show
A00802,2025-01-07,Provider B,Primary care,65+,8,1,1,13,0,13.0,Completed
A02053,2025-01-07,Provider C,Primary care,35–49,41,0,1,8,0,15.4,Referred
A00601,2025-01-08,Provider B,Primary care,18–34,28,0,1,13,0,1.2,Completed
A01264,2025-01-08,Provider D,Follow-up,50–64,28,0,1,13,0,13.8,Completed
A01396,2025-01-08,Provider A,Primary care,35–49,23,0,1,13,0,15.5,Completed
A01675,2025-01-08,Provider C,Behavioral health,65+,40,0,0,10,0,21.3,Completed
A01920,2025-01-08,Provider C,Behavioral health,35–49,1,3,1,14,0,19.3,Referred
A02236,2025-01-08,Provider B,Specialty,35–49,41,0,1,9,0,4.6,Completed
A02752,2025-01-08,Provider A,Behavioral health,18–34,22,0,1,9,0,9.2,Completed
A03385,2025-01-08,Provider B,Follow-up,65+,39,1,0,16,1,,No-show
A00460,2025-01-09,Provider B,Follow-up,18–34,36,0,1,9,0,5.7,Completed
A00739,2025-01-09,Provider C,Primary care,35–49,25,0,0,13,0,13.0,Referred
A00919,2025-01-09,Provider B,Primary care,18–34,28,2,0,15,1,,No-show
A01042,2025-01-09,Provider A,Follow-up,65+,17,0,1,13,0,9.5,Completed
A01328,2025-01-09,Provider C,Primary care,18–34,15,0,1,16,0,23.1,Completed
A01680,2025-01-09,Provider A,Primary care,50–64,28,2,1,14,0,16.6,Completed
A01718,2025-01-09,Provider B,Primary care,65+,19,0,1,11,0,1.7,Referred
A02488,2025-01-09,Provider D,Behavioral health,18–34,10,0,1,8,0,20.5,Completed
A03350,2025-01-09,Provider B,Follow-up,18–34,4,0,1,14,0,17.6,Completed
A03410,2025-01-09,Provider A,Primary care,50–64,29,0,1,15,0,12.1,Completed
A03517,2025-01-09,Provider C,Behavioral health,18–34,26,1,0,11,0,29.1,Completed
A00258,2025-01-10,Provider C,Follow-up,50–64,45,2,1,15,1,,No-show
A00429,2025-01-10,Provider B,Primary care,50–64,29,1,1,14,0,10.3,Referred
A00923,2025-01-10,Provider A,Specialty,50–64,34,0,1,13,0,7.1,Completed
A01150,2025-01-10,Provider B,Primary care,50–64,44,0,1,15,0,18.4,Completed
A01628,2025-01-10,Provider C,Specialty,65+,41,0,1,9,0,19.7,Completed
A02345,2025-01-10,Provider A,Specialty,35–49,21,0,1,14,1,,No-show
A02881,2025-01-10,Provider C,Behavioral health,50–64,34,0,0,11,0,23.4,Completed
A02948,2025-01-10,Provider D,Primary care,35–49,11,0,0,14,0,11.7,Completed
A03065,2025-01-10,Provider C,Primary care,50–64,25,0,1,10,0,24.2,Completed
A03566,2025-01-10,Provider B,Follow-up,50–64,7,0,0,16,1,,No-show
A00329,2025-01-11,Provider D,Primary care,35–49,15,3,1,13,0,12.2,Completed
A00494,2025-01-11,Provider D,Primary care,50–64,21,0,1,10,0,11.4,Referred
A01097,2025-01-11,Provider D,Primary care,35–49,29,0,0,8,0,13.8,Completed
A01178,2025-01-11,Provider B,Primary care,18–34,39,1,1,8,0,6.2,Completed
A02251,2025-01-11,Provider C,Follow-up,35–49,13,0,0,10,0,25.7,Completed
A02570,2025-01-11,Provider C,Primary care,50–64,4,0,1,9,0,24.4,Completed
A03427,2025-01-11,Provider C,Primary care,35–49,25,0,1,11,0,29.3,Completed
A00275,2025-01-12,Provider A,Follow-up,50–64,2,1,0,13,0,10.4,Completed
A00316,2025-01-12,Provider D,Follow-up,65+,11,1,1,10,0,0.0,Completed
A00930,2025-01-12,Provider A,Follow-up,35–49,12,0,1,16,0,15.6,Completed
A00936,2025-01-12,Provider B,Primary care,18–34,27,0,0,9,0,11.5,Completed
A01417,2025-01-12,Provider C,Primary care,18–34,35,0,1,9,0,16.7,Referred
A01435,2025-01-12,Provider C,Follow-up,18–34,1,0,1,14,0,27.9,Completed
A02115,2025-01-12,Provider A,Follow-up,35–49,18,0,0,14,0,18.3,Completed
A02143,2025-01-12,Provider C,Primary care,18–34,18,0,1,13,0,21.6,Completed
A02428,2025-01-12,Provider C,Specialty,50–64,44,0,1,14,1,,No-show
A02648,2025-01-12,Provider C,Primary care,18–34,43,0,1,16,0,17.9,Referred
A02748,2025-01-12,Provider A,Behavioral health,35–49,44,1,1,9,1,,No-show
A03432,2025-01-12,Provider A,Specialty,18–34,44,1,1,14,0,9.9,Completed
A03446,2025-01-12,Provider D,Specialty,18–34,41,2,1,10,1,,No-show
A00103,2025-01-13,Provider D,Behavioral health,50–64,20,0,0,11,0,11.4,Referred
A00174,2025-01-13,Provider B,Primary care,65+,44,0,1,14,0,20.9,Completed
A00259,2025-01-13,Provider D,Follow-up,18–34,34,2,1,15,0,19.4,Referred
A00502,2025-01-13,Provider A,Primary care,18–34,32,0,1,16,0,19.3,Completed
A00566,2025-01-13,Provider B,Primary care,65+,6,0,0,14,1,,No-show
A00587,2025-01-13,Provider A,Follow-up,18–34,4,0,1,15,0,14.8,Completed
A00765,2025-01-13,Provider C,Primary care,18–34,15,2,1,15,0,22.6,Completed
A00967,2025-01-13,Provider A,Follow-up,35–49,37,0,1,14,0,16.2,Completed
A01105,2025-01-13,Provider C,Primary care,65+,43,0,1,9,0,17.3,Referred
A01324,2025-01-13,Provider D,Follow-up,65+,44,0,1,14,0,20.4,Completed
A02285,2025-01-13,Provider D,Specialty,35–49,4,2,1,11,0,1.3,Completed
A02376,2025-01-13,Provider D,Primary care,50–64,40,0,1,14,1,,No-show
A00060,2025-01-14,Provider B,Follow-up,50–64,26,1,1,13,0,8.3,Completed
A00168,2025-01-14,Provider A,Primary care,18–34,32,0,0,11,0,3.5,Completed
A00215,2025-01-14,Provider C,Specialty,35–49,14,0,1,14,0,18.2,Completed
A00396,2025-01-14,Provider A,Follow-up,18–34,2,0,1,10,0,3.2,Completed
A00410,2025-01-14,Provider C,Behavioral health,65+,1,2,1,10,0,35.4,Referred
A01053,2025-01-14,Provider B,Specialty,18–34,21,0,1,9,0,11.5,Completed
A01116,2025-01-14,Provider A,Specialty,50–64,34,3,1,15,0,16.0,Completed
A01193,2025-01-14,Provider B,Follow-up,50–64,36,0,1,10,0,6.5,Completed
A01345,2025-01-14,Provider C,Primary care,50–64,41,1,0,13,0,20.4,Completed
A01806,2025-01-14,Provider B,Primary care,50–64,7,0,1,16,0,10.2,Completed
A02669,2025-01-14,Provider C,Follow-up,50–64,23,2,1,11,0,21.6,Completed
A03104,2025-01-14,Provider B,Primary care,50–64,34,0,1,10,0,11.5,Referred
A03381,2025-01-14,Provider C,Behavioral health,50–64,32,0,1,9,0,21.3,Completed
A03413,2025-01-14,Provider D,Behavioral health,35–49,31,0,1,8,1,,No-show
A03473,2025-01-14,Provider C,Follow-up,35–49,14,1,0,13,1,,No-show
A00448,2025-01-15,Provider D,Follow-up,18–34,20,0,1,11,0,10.7,Completed
A00538,2025-01-15,Provider D,Primary care,50–64,21,0,1,10,1,,No-show
A01398,2025-01-15,Provider D,Primary care,50–64,39,1,0,13,0,18.8,Completed
A01733,2025-01-15,Provider B,Follow-up,18–34,3,1,1,9,0,10.3,Completed
A02361,2025-01-15,Provider B,Primary care,50–64,36,1,0,10,0,12.3,Completed
A02425,2025-01-15,Provider B,Behavioral health,50–64,18,1,1,16,1,,No-show
A03187,2025-01-15,Provider C,Primary care,65+,9,0,1,15,0,22.8,Completed
A03236,2025-01-15,Provider A,Primary care,18–34,6,2,1,9,0,8.0,Completed
A03504,2025-01-15,Provider B,Follow-up,35–49,22,0,1,13,0,3.6,Completed
A00016,2025-01-16,Provider A,Primary care,50–64,27,0,0,16,0,18.2,Completed
A00056,2025-01-16,Provider D,Primary care,65+,9,3,1,13,0,11.6,Completed
A00795,2025-01-16,Provider C,Primary care,65+,14,0,0,15,0,24.6,Completed
A00849,2025-01-16,Provider D,Primary care,18–34,18,0,1,15,1,,No-show
A01383,2025-01-16,Provider B,Primary care,65+,38,2,1,13,0,14.6,Referred
A02381,2025-01-16,Provider A,Behavioral health,35–49,41,0,1,9,1,,No-show
A02465,2025-01-16,Provider D,Primary care,18–34,13,1,1,10,1,,No-show
A02575,2025-01-16,Provider D,Specialty,35–49,6,0,1,9,0,1.0,Completed
A02951,2025-01-16,Provider B,Behavioral health,50–64,14,0,1,14,0,19.0,Completed
A03100,2025-01-16,Provider D,Follow-up,65+,37,0,1,8,0,14.9,Completed
A03280,2025-01-16,Provider B,Follow-up,35–49,40,1,1,13,0,14.7,Completed
A03296,2025-01-16,Provider B,Follow-up,18–34,32,0,0,14,0,16.0,Completed
A00022,2025-01-17,Provider A,Specialty,65+,41,1,0,9,0,16.5,Completed
A00183,2025-01-17,Provider C,Behavioral health,35–49,24,1,1,9,0,8.7,Referred
A00606,2025-01-17,Provider D,Follow-up,18–34,19,0,1,8,0,5.8,Completed
A00635,2025-01-17,Provider C,Primary care,50–64,25,1,1,8,0,15.3,Completed
A00984,2025-01-17,Provider A,Behavioral health,50–64,42,0,1,11,0,13.0,Completed
A01128,2025-01-17,Provider B,Specialty,18–34,22,0,1,9,0,7.1,Completed
A01459,2025-01-17,Provider A,Primary care,50–64,25,0,1,10,0,8.2,Completed
A02603,2025-01-17,Provider A,Behavioral health,50–64,41,1,1,16,1,,No-show
A02852,2025-01-17,Provider C,Primary care,65+,1,1,1,13,0,22.6,Completed
A02929,2025-01-17,Provider D,Primary care,35–49,16,0,1,8,1,,No-show
A03044,2025-01-17,Provider C,Primary care,50–64,8,0,1,9,0,21.1,Referred
A00036,2025-01-18,Provider A,Follow-up,65+,3,2,1,15,0,9.4,Completed
A00109,2025-01-18,Provider B,Specialty,50–64,33,0,1,9,0,14.2,Completed
A00402,2025-01-18,Provider B,Primary care,65+,27,0,0,15,0,20.5,Completed
A00731,2025-01-18,Provider B,Primary care,35–49,13,3,0,8,1,,No-show
A01272,2025-01-18,Provider C,Behavioral health,35–49,41,1,1,8,0,21.8,Completed
A01373,2025-01-18,Provider A,Primary care,18–34,41,0,1,10,0,15.9,Completed
A02045,2025-01-18,Provider C,Specialty,65+,34,1,1,14,0,21.6,Referred
A02229,2025-01-18,Provider D,Follow-up,50–64,16,0,1,15,0,16.7,Completed
A02387,2025-01-18,Provider A,Follow-up,65+,27,0,0,16,0,19.3,Completed
A02452,2025-01-18,Provider C,Specialty,18–34,39,1,0,15,0,29.6,Completed
A02709,2025-01-18,Provider C,Primary care,50–64,27,0,1,11,0,20.4,Completed
A02902,2025-01-18,Provider C,Primary care,65+,25,0,1,10,0,19.9,Completed
A03201,2025-01-18,Provider B,Primary care,18–34,16,1,1,10,0,21.4,Completed
A00101,2025-01-19,Provider C,Primary care,18–34,39,0,1,15,0,26.9,Completed
A00623,2025-01-19,Provider C,Primary care,35–49,45,0,1,11,0,12.6,Completed
A01134,2025-01-19,Provider B,Follow-up,50–64,30,1,1,15,0,17.0,Completed
A01325,2025-01-19,Provider A,Behavioral health,18–34,9,1,1,10,0,15.3,Referred
A01352,2025-01-19,Provider C,Specialty,65+,5,1,1,16,0,26.0,Completed
A01817,2025-01-19,Provider A,Follow-up,35–49,8,0,1,16,0,14.1,Completed
A02137,2025-01-19,Provider C,Behavioral health,65+,36,0,1,9,0,13.4,Completed
A02328,2025-01-19,Provider A,Primary care,50–64,36,1,0,10,0,15.0,Completed
A02670,2025-01-19,Provider D,Specialty,65+,12,0,0,14,0,13.9,Completed
A03157,2025-01-19,Provider A,Follow-up,35–49,40,0,1,9,0,5.7,Completed
A03217,2025-01-19,Provider B,Behavioral health,35–49,44,0,0,13,0,14.0,Completed
A03281,2025-01-19,Provider B,Behavioral health,50–64,18,0,1,9,0,2.6,Completed
A03475,2025-01-19,Provider B,Follow-up,35–49,2,0,1,14,0,14.2,Completed
A03560,2025-01-19,Provider A,Follow-up,18–34,7,1,0,10,1,,No-show
A00884,2025-01-20,Provider B,Behavioral health,18–34,39,2,1,16,0,14.8,Completed
A01492,2025-01-20,Provider C,Primary care,35–49,35,0,1,14,0,32.6,Completed
A01667,2025-01-20,Provider D,Primary care,18–34,27,0,1,8,1,,No-show
A01791,2025-01-20,Provider A,Follow-up,18–34,41,0,0,13,0,0.8,Completed
A01883,2025-01-20,Provider A,Follow-up,18–34,14,0,1,8,0,13.6,Referred
A02016,2025-01-20,Provider A,Primary care,18–34,41,0,1,16,0,14.4,Completed
A02148,2025-01-20,Provider B,Primary care,35–49,34,0,1,8,1,,No-show
A02927,2025-01-20,Provider D,Specialty,35–49,41,0,1,9,0,17.1,Completed
A03019,2025-01-20,Provider B,Follow-up,35–49,23,1,0,15,0,15.2,Completed
A03205,2025-01-20,Provider B,Primary care,18–34,42,1,1,11,0,8.4,Referred
A03274,2025-01-20,Provider A,Follow-up,50–64,5,2,0,15,0,14.3,Completed
A03302,2025-01-20,Provider A,Primary care,65+,24,1,1,14,0,22.6,Completed
A03515,2025-01-20,Provider B,Follow-up,35–49,11,0,1,11,0,11.6,Completed
A03539,2025-01-20,Provider A,Specialty,35–49,21,1,1,9,0,16.5,Referred
A00662,2025-01-21,Provider C,Behavioral health,65+,5,0,1,13,0,22.5,Completed
A00742,2025-01-21,Provider A,Primary care,50–64,15,0,1,16,0,17.8,Completed
A00928,2025-01-21,Provider B,Follow-up,50–64,23,1,0,14,1,,No-show
A01023,2025-01-21,Provider A,Primary care,18–34,1,1,0,15,0,12.9,Completed
A01194,2025-01-21,Provider C,Primary care,65+,18,2,0,16,0,16.5,Completed
A01799,2025-01-21,Provider B,Follow-up,65+,2,1,0,15,0,15.7,Completed
A01993,2025-01-21,Provider A,Behavioral health,18–34,26,0,1,10,0,13.6,Referred
A02477,2025-01-21,Provider A,Primary care,50–64,43,3,1,9,1,,No-show
A02564,2025-01-21,Provider A,Follow-up,35–49,5,2,1,14,0,7.3,Completed
A02963,2025-01-21,Provider D,Behavioral health,18–34,19,0,0,13,1,,No-show
A03571,2025-01-21,Provider A,Primary care,50–64,15,2,1,10,0,6.9,Completed
A00682,2025-01-22,Provider C,Behavioral health,18–34,9,0,1,15,0,25.4,Completed
A00692,2025-01-22,Provider D,Specialty,65+,31,0,1,13,0,4.7,Completed
A00914,2025-01-22,Provider B,Specialty,18–34,31,0,1,16,0,9.9,Completed
A01192,2025-01-22,Provider A,Follow-up,50–64,33,0,0,13,1,,No-show
A01200,2025-01-22,Provider A,Primary care,50–64,42,0,0,10,0,2.5,Completed
A01761,2025-01-22,Provider D,Behavioral health,65+,22,0,1,15,0,22.6,Completed
A02389,2025-01-22,Provider A,Primary care,50–64,16,1,0,8,0,10.2,Completed
A02449,2025-01-22,Provider A,Follow-up,65+,19,0,1,8,0,9.5,Completed
A02485,2025-01-22,Provider D,Primary care,35–49,3,0,1,16,0,11.8,Completed
A03289,2025-01-22,Provider B,Behavioral health,18–34,25,0,1,16,0,10.8,Completed
A03419,2025-01-22,Provider D,Specialty,18–34,24,1,0,13,1,,No-show
A00083,2025-01-23,Provider B,Specialty,18–34,10,0,1,11,0,11.6,Completed
A00489,2025-01-23,Provider B,Primary care,65+,37,0,0,15,0,14.8,Referred
A00636,2025-01-23,Provider D,Specialty,18–34,28,0,1,13,0,7.1,Completed
A00728,2025-01-23,Provider A,Follow-up,18–34,39,1,1,16,0,8.6,Completed
A01507,2025-01-23,Provider D,Behavioral health,50–64,2,0,1,15,0,11.1,Completed
A01779,2025-01-23,Provider D,Follow-up,65+,41,0,0,16,0,11.0,Completed
A02057,2025-01-23,Provider D,Follow-up,50–64,43,0,1,11,1,,No-show
A02464,2025-01-23,Provider B,Primary care,65+,8,0,1,13,0,19.8,Referred
A02552,2025-01-23,Provider B,Specialty,65+,5,0,1,13,0,7.7,Completed
A03250,2025-01-23,Provider C,Follow-up,65+,45,0,1,10,0,11.5,Completed
A03311,2025-01-23,Provider B,Behavioral health,65+,45,1,0,11,0,6.3,Completed
A03506,2025-01-23,Provider B,Primary care,50–64,7,0,1,11,0,12.6,Completed
A00230,2025-01-24,Provider D,Follow-up,50–64,1,1,1,13,0,4.6,Completed
A00382,2025-01-24,Provider A,Follow-up,50–64,39,0,1,9,0,15.2,Completed
A00415,2025-01-24,Provider D,Primary care,35–49,3,1,1,15,0,15.9,Completed
A01770,2025-01-24,Provider B,Primary care,35–49,1,0,1,8,0,2.6,Completed
A01838,2025-01-24,Provider A,Primary care,35–49,26,0,0,13,0,13.6,Completed
A02324,2025-01-24,Provider A,Follow-up,50–64,10,0,1,9,0,6.4,Completed
A02479,2025-01-24,Provider A,Specialty,18–34,12,1,1,11,0,6.5,Completed
A02566,2025-01-24,Provider C,Primary care,50–64,16,0,1,13,0,18.4,Completed
A02834,2025-01-24,Provider D,Specialty,65+,1,1,0,8,0,4.9,Completed
A02890,2025-01-24,Provider A,Primary care,50–64,36,0,1,15,0,10.4,Completed
A02962,2025-01-24,Provider A,Behavioral health,50–64,32,0,1,9,1,,No-show
A03407,2025-01-24,Provider C,Specialty,35–49,26,0,0,14,0,23.5,Completed
A00084,2025-01-25,Provider D,Follow-up,65+,16,0,0,16,0,13.3,Referred
A00679,2025-01-25,Provider A,Follow-up,35–49,25,1,1,11,0,7.3,Completed
A00737,2025-01-25,Provider A,Primary care,50–64,6,0,1,13,0,16.1,Completed
A00789,2025-01-25,Provider B,Follow-up,65+,24,1,1,16,1,,No-show
A01979,2025-01-25,Provider D,Specialty,18–34,10,0,1,16,0,16.0,Referred
A02097,2025-01-25,Provider A,Primary care,65+,10,0,1,13,0,13.0,Completed
A02192,2025-01-25,Provider D,Follow-up,18–34,25,2,0,11,0,20.1,Referred
A03006,2025-01-25,Provider B,Follow-up,35–49,37,0,1,9,0,11.0,Completed
A00373,2025-01-26,Provider D,Follow-up,18–34,5,2,1,15,0,13.6,Completed
A00481,2025-01-26,Provider A,Specialty,50–64,26,0,1,9,0,6.2,Completed
A01170,2025-01-26,Provider B,Follow-up,50–64,43,1,0,9,1,,No-show
A02145,2025-01-26,Provider D,Follow-up,35–49,37,1,1,13,0,7.4,Completed
A02458,2025-01-26,Provider A,Primary care,65+,42,1,1,16,0,8.8,Completed
A02932,2025-01-26,Provider D,Behavioral health,50–64,24,0,0,13,1,,No-show
A03085,2025-01-26,Provider C,Specialty,50–64,22,2,1,13,0,25.7,Referred
A03176,2025-01-26,Provider A,Primary care,18–34,42,0,1,11,0,7.8,Completed
A03277,2025-01-26,Provider C,Follow-up,50–64,6,0,1,8,0,22.3,Completed
A03491,2025-01-26,Provider B,Specialty,35–49,8,1,1,8,0,4.0,Referred
A03540,2025-01-26,Provider A,Primary care,18–34,8,0,1,16,0,16.3,Referred
A00119,2025-01-27,Provider B,Behavioral health,18–34,24,0,0,13,0,1.4,Completed
A00381,2025-01-27,Provider D,Behavioral health,18–34,1,0,0,10,0,11.0,Completed
A00741,2025-01-27,Provider D,Behavioral health,18–34,31,1,1,9,0,7.2,Completed
A01286,2025-01-27,Provider A,Behavioral health,35–49,37,0,1,10,1,,No-show
A01472,2025-01-27,Provider B,Primary care,35–49,18,0,1,13,0,17.6,Completed
A01923,2025-01-27,Provider A,Primary care,50–64,16,1,1,9,0,7.1,Completed
A01943,2025-01-27,Provider C,Primary care,35–49,10,1,1,14,0,17.8,Completed
A02396,2025-01-27,Provider C,Follow-up,50–64,3,0,1,16,0,18.2,Completed
A02999,2025-01-27,Provider A,Follow-up,18–34,37,0,1,8,0,8.6,Completed
A03008,2025-01-27,Provider D,Specialty,35–49,2,1,1,11,0,15.1,Referred
A03207,2025-01-27,Provider B,Follow-up,50–64,17,2,1,14,0,12.8,Completed
A00345,2025-01-28,Provider D,Behavioral health,35–49,29,0,0,11,0,6.1,Completed
A00482,2025-01-28,Provider D,Behavioral health,50–64,30,0,1,8,0,0.0,Completed
A01164,2025-01-28,Provider B,Behavioral health,18–34,33,0,1,13,0,24.8,Completed
A01307,2025-01-28,Provider C,Follow-up,35–49,6,0,1,16,0,25.6,Completed
A01632,2025-01-28,Provider B,Primary care,50–64,9,1,1,9,0,4.3,Completed
A02483,2025-01-28,Provider C,Primary care,50–64,9,0,1,13,0,15.0,Completed
A03428,2025-01-28,Provider B,Behavioral health,50–64,1,0,1,11,0,1.9,Completed
A00501,2025-01-29,Provider D,Follow-up,65+,8,0,1,15,0,19.4,Completed
A00796,2025-01-29,Provider C,Primary care,35–49,40,0,1,11,1,,No-show
A01559,2025-01-29,Provider C,Primary care,65+,40,0,1,10,0,24.0,Completed
A01575,2025-01-29,Provider D,Behavioral health,18–34,26,0,1,11,0,10.6,Completed
A02158,2025-01-29,Provider A,Specialty,50–64,6,1,1,9,0,14.9,Completed
A03471,2025-01-29,Provider B,Primary care,50–64,45,0,1,16,0,9.1,Completed
A00334,2025-01-30,Provider C,Follow-up,65+,31,0,1,15,0,19.4,Completed
A01327,2025-01-30,Provider B,Follow-up,35–49,36,0,0,16,1,,No-show
A01347,2025-01-30,Provider B,Specialty,18–34,22,0,1,8,0,8.2,Completed
A01415,2025-01-30,Provider D,Primary care,50–64,41,0,1,10,0,15.4,Completed
A01767,2025-01-30,Provider D,Follow-up,50–64,28,2,1,16,1,,No-show
A02357,2025-01-30,Provider B,Follow-up,50–64,8,2,1,8,0,12.6,Completed
A02647,2025-01-30,Provider D,Specialty,65+,19,1,1,8,1,,No-show
A02970,2025-01-30,Provider C,Primary care,18–34,17,1,1,10,0,36.6,Completed
A03246,2025-01-30,Provider D,Follow-up,65+,24,2,1,8,0,9.7,Completed
A03268,2025-01-30,Provider B,Primary care,50–64,10,0,0,14,0,21.6,Completed
A03291,2025-01-30,Provider C,Follow-up,18–34,13,1,1,9,1,,No-show
A03409,2025-01-30,Provider A,Primary care,35–49,35,1,1,14,1,,No-show
A00082,2025-01-31,Provider C,Specialty,50–64,14,0,1,8,0,13.6,Completed
A00777,2025-01-31,Provider C,Primary care,35–49,6,2,1,14,0,26.2,Completed
A00958,2025-01-31,Provider A,Follow-up,18–34,44,2,1,11,0,13.7,Completed
A01091,2025-01-31,Provider A,Specialty,65+,33,0,1,14,0,7.5,Completed
A02302,2025-01-31,Provider C,Primary care,35–49,42,0,1,9,0,25.7,Completed
A02308,2025-01-31,Provider C,Primary care,35–49,40,0,1,10,0,17.1,Completed
A02938,2025-01-31,Provider C,Primary care,18–34,10,0,1,9,0,19.1,Referred
A03036,2025-01-31,Provider A,Follow-up,35–49,1,0,0,8,1,,No-show
A03127,2025-01-31,Provider B,Behavioral health,65+,7,1,1,16,0,14.5,Completed
A00317,2025-02-01,Provider B,Behavioral health,65+,14,1,0,9,0,16.6,Completed
A00577,2025-02-01,Provider C,Primary care,50–64,25,0,1,14,0,25.4,Completed
A00825,2025-02-01,Provider C,Behavioral health,35–49,29,1,0,14,1,,No-show
A01895,2025-02-01,Provider D,Follow-up,50–64,27,0,1,8,0,9.8,Completed
A01978,2025-02-01,Provider D,Specialty,35–49,44,0,0,16,0,11.9,Completed
A01985,2025-02-01,Provider B,Follow-up,18–34,11,0,1,14,0,11.7,Completed
A02728,2025-02-01,Provider D,Follow-up,50–64,7,1,1,13,0,3.2,Completed
A02873,2025-02-01,Provider B,Follow-up,35–49,6,0,1,14,0,13.7,Completed
A02994,2025-02-01,Provider C,Follow-up,50–64,30,0,1,11,0,2.3,Completed
A03030,2025-02-01,Provider A,Behavioral health,65+,43,1,0,10,1,,No-show
A00001,2025-02-02,Provider A,Behavioral health,50–64,20,1,1,15,0,13.4,Completed
A00043,2025-02-02,Provider B,Follow-up,18–34,3,0,1,8,0,0.0,Completed
A00400,2025-02-02,Provider C,Follow-up,65+,23,0,0,10,0,10.8,Completed
A01867,2025-02-02,Provider A,Behavioral health,65+,45,0,1,8,0,19.2,Completed
A03088,2025-02-02,Provider D,Specialty,18–34,15,0,1,10,0,15.8,Completed
A03234,2025-02-02,Provider B,Behavioral health,35–49,8,0,1,14,0,17.6,Completed
A03521,2025-02-02,Provider C,Primary care,50–64,9,0,1,14,1,,No-show
A00337,2025-02-03,Provider C,Behavioral health,50–64,15,1,1,9,0,19.2,Completed
A00517,2025-02-03,Provider A,Primary care,50–64,23,1,1,11,1,,No-show
A00545,2025-02-03,Provider D,Primary care,18–34,31,0,1,11,0,6.6,Completed
A00671,2025-02-03,Provider D,Behavioral health,50–64,1,0,1,13,0,1.8,Completed
A00896,2025-02-03,Provider B,Specialty,65+,14,1,1,8,0,9.1,Completed
A01502,2025-02-03,Provider D,Behavioral health,65+,43,0,0,13,0,7.7,Completed
A01716,2025-02-03,Provider A,Specialty,35–49,15,1,1,9,0,15.5,Completed
A02172,2025-02-03,Provider C,Primary care,50–64,11,1,1,9,0,10.5,Completed
A02600,2025-02-03,Provider C,Primary care,18–34,2,2,1,11,1,,No-show
A03469,2025-02-03,Provider C,Behavioral health,50–64,32,3,0,14,1,,No-show
A00478,2025-02-04,Provider D,Follow-up,18–34,9,2,1,14,0,13.0,Completed
A00972,2025-02-04,Provider B,Primary care,50–64,22,0,0,16,0,15.6,Completed
A01110,2025-02-04,Provider B,Primary care,35–49,32,0,1,15,0,11.5,Referred
A01606,2025-02-04,Provider C,Specialty,50–64,9,0,1,15,0,34.6,Completed
A01830,2025-02-04,Provider A,Follow-up,65+,39,0,1,8,0,6.0,Completed
A01848,2025-02-04,Provider B,Follow-up,65+,5,0,1,14,0,12.9,Completed
A02546,2025-02-04,Provider C,Follow-up,18–34,39,0,1,9,0,10.6,Completed
A02611,2025-02-04,Provider C,Primary care,50–64,2,1,0,15,0,23.8,Completed
A03402,2025-02-04,Provider B,Primary care,18–34,41,0,1,9,1,,No-show
A00287,2025-02-05,Provider D,Follow-up,18–34,42,0,1,14,0,17.1,Completed
A01538,2025-02-05,Provider A,Behavioral health,35–49,23,0,1,13,0,7.7,Referred
A01615,2025-02-05,Provider C,Follow-up,50–64,35,0,0,11,0,21.1,Completed
A01633,2025-02-05,Provider D,Behavioral health,65+,41,0,1,9,0,10.9,Completed
A01804,2025-02-05,Provider C,Follow-up,35–49,40,0,0,13,0,26.7,Completed
A02080,2025-02-05,Provider C,Behavioral health,50–64,39,2,1,9,0,31.1,Completed
A02196,2025-02-05,Provider C,Specialty,18–34,1,0,1,10,0,22.4,Completed
A02242,2025-02-05,Provider D,Behavioral health,50–64,29,0,1,13,0,3.2,Completed
A02502,2025-02-05,Provider B,Primary care,50–64,29,0,1,14,0,7.7,Completed
A02803,2025-02-05,Provider A,Follow-up,35–49,22,0,1,14,0,12.9,Completed
A02961,2025-02-05,Provider B,Behavioral health,50–64,45,2,0,14,0,14.8,Completed
A03155,2025-02-05,Provider A,Specialty,65+,14,0,1,15,0,12.9,Completed
A03453,2025-02-05,Provider B,Follow-up,65+,7,0,1,15,0,23.6,Completed
A00055,2025-02-06,Provider C,Specialty,18–34,34,0,1,13,0,10.8,Completed
A00360,2025-02-06,Provider D,Primary care,35–49,13,0,1,10,0,10.2,Referred
A00674,2025-02-06,Provider D,Follow-up,18–34,8,0,0,8,1,,No-show
A00709,2025-02-06,Provider A,Primary care,50–64,20,1,1,8,0,10.1,Completed
A00808,2025-02-06,Provider D,Primary care,65+,42,0,1,13,0,7.2,Completed
A01810,2025-02-06,Provider A,Primary care,50–64,5,1,1,8,0,17.9,Completed
A02244,2025-02-06,Provider D,Behavioral health,18–34,4,0,1,9,0,10.8,Completed
A02427,2025-02-06,Provider D,Follow-up,18–34,5,0,1,16,0,11.1,Completed
A03396,2025-02-06,Provider A,Primary care,50–64,19,0,0,14,0,16.2,Completed
A00399,2025-02-07,Provider A,Primary care,18–34,38,0,1,14,0,17.3,Completed
A01066,2025-02-07,Provider A,Follow-up,65+,9,0,0,10,0,0.7,Completed
A01162,2025-02-07,Provider A,Follow-up,18–34,24,1,1,9,1,,No-show
A01316,2025-02-07,Provider C,Follow-up,18–34,27,0,1,13,0,20.9,Completed
A01357,2025-02-07,Provider B,Follow-up,50–64,5,0,1,8,1,,No-show
A01651,2025-02-07,Provider A,Behavioral health,35–49,45,0,1,15,0,16.8,Completed
A01774,2025-02-07,Provider B,Behavioral health,50–64,30,1,1,10,0,10.5,Completed
A01877,2025-02-07,Provider B,Primary care,65+,5,2,1,13,0,15.3,Completed
A02240,2025-02-07,Provider A,Specialty,35–49,1,0,1,10,0,7.7,Completed
A02289,2025-02-07,Provider B,Follow-up,50–64,3,0,1,15,0,13.2,Completed
A03158,2025-02-07,Provider A,Specialty,65+,13,0,1,9,0,10.1,Completed
A03264,2025-02-07,Provider C,Follow-up,35–49,17,1,1,15,0,22.9,Completed
A00011,2025-02-08,Provider A,Follow-up,65+,32,0,1,11,0,13.3,Completed
A00072,2025-02-08,Provider A,Primary care,65+,16,0,1,13,0,10.9,Completed
A00203,2025-02-08,Provider C,Behavioral health,18–34,3,0,1,16,0,22.7,Completed
A00531,2025-02-08,Provider D,Specialty,18–34,23,0,1,10,0,9.3,Completed
A00968,2025-02-08,Provider D,Follow-up,50–64,32,0,0,14,0,27.8,Completed
A02529,2025-02-08,Provider B,Follow-up,65+,25,1,0,16,0,9.9,Completed
A02891,2025-02-08,Provider A,Specialty,18–34,27,0,1,15,0,12.0,Completed
A03590,2025-02-08,Provider C,Primary care,50–64,7,0,1,8,0,19.2,Completed
A00030,2025-02-09,Provider D,Behavioral health,35–49,28,1,1,10,0,15.6,Completed
A01120,2025-02-09,Provider D,Follow-up,18–34,45,3,0,14,0,6.6,Completed
A01384,2025-02-09,Provider B,Primary care,65+,29,2,1,9,0,13.9,Completed
A01483,2025-02-09,Provider D,Specialty,18–34,1,0,1,14,0,13.3,Completed
A03017,2025-02-09,Provider A,Primary care,35–49,40,1,1,8,0,7.7,Completed
A03200,2025-02-09,Provider D,Follow-up,35–49,4,0,1,16,0,6.8,Completed
A00050,2025-02-10,Provider A,Follow-up,50–64,5,3,1,9,1,,No-show
A00428,2025-02-10,Provider D,Primary care,18–34,7,1,1,11,1,,No-show
A00544,2025-02-10,Provider A,Specialty,35–49,45,0,1,8,0,5.4,Completed
A00640,2025-02-10,Provider C,Follow-up,50–64,15,0,0,11,0,17.8,Referred
A01123,2025-02-10,Provider D,Specialty,65+,1,0,1,10,0,17.1,Completed
A01408,2025-02-10,Provider B,Specialty,50–64,33,0,0,15,0,16.1,Completed
A01926,2025-02-10,Provider A,Follow-up,65+,2,1,1,9,0,14.4,Completed
A02136,2025-02-10,Provider B,Specialty,18–34,40,0,1,14,0,15.1,Completed
A02331,2025-02-10,Provider B,Follow-up,65+,26,1,1,13,0,9.1,Completed
A02468,2025-02-10,Provider C,Follow-up,65+,3,0,1,15,0,27.2,Completed
A02977,2025-02-10,Provider C,Primary care,18–34,20,0,1,11,0,29.3,Completed
A03292,2025-02-10,Provider B,Primary care,65+,36,1,0,11,0,14.8,Completed
A00165,2025-02-11,Provider B,Follow-up,65+,7,0,1,8,0,13.7,Completed
A00783,2025-02-11,Provider B,Primary care,65+,42,0,1,11,0,3.7,Completed
A00996,2025-02-11,Provider D,Follow-up,18–34,10,0,1,10,0,10.5,Completed
A01541,2025-02-11,Provider C,Primary care,18–34,33,0,1,11,0,19.0,Referred
A02020,2025-02-11,Provider B,Primary care,35–49,2,1,1,8,0,7.8,Completed
A02365,2025-02-11,Provider D,Primary care,35–49,28,0,1,14,0,14.0,Completed
A03186,2025-02-11,Provider D,Specialty,35–49,24,1,1,14,0,19.8,Completed
A01117,2025-02-12,Provider B,Behavioral health,35–49,29,0,1,10,0,6.7,Completed
A01624,2025-02-12,Provider D,Primary care,65+,3,0,0,14,0,27.0,Completed
A02201,2025-02-12,Provider B,Primary care,18–34,34,0,0,9,0,7.9,Completed
A02371,2025-02-12,Provider A,Follow-up,65+,31,2,1,16,0,21.2,Completed
A03405,2025-02-12,Provider D,Behavioral health,18–34,28,1,1,16,0,14.0,Completed
A03425,2025-02-12,Provider C,Primary care,18–34,13,0,1,13,0,22.7,Completed
A03558,2025-02-12,Provider D,Behavioral health,18–34,23,0,0,9,1,,No-show
A00164,2025-02-13,Provider C,Primary care,35–49,40,0,1,13,0,16.2,Completed
A00221,2025-02-13,Provider A,Behavioral health,50–64,31,2,1,11,0,2.0,Completed
A00340,2025-02-13,Provider D,Primary care,50–64,8,0,0,9,1,,No-show
A00612,2025-02-13,Provider D,Behavioral health,18–34,28,0,1,14,0,13.7,Referred
A00779,2025-02-13,Provider D,Follow-up,35–49,6,0,1,10,0,10.3,Completed
A00846,2025-02-13,Provider D,Primary care,35–49,25,0,0,10,0,13.7,Completed
A01211,2025-02-13,Provider B,Behavioral health,50–64,35,0,0,11,1,,No-show
A01301,2025-02-13,Provider B,Follow-up,35–49,28,0,1,8,0,6.8,Completed
A01392,2025-02-13,Provider B,Follow-up,65+,38,0,1,14,0,13.5,Completed
A01521,2025-02-13,Provider D,Behavioral health,65+,18,0,1,11,1,,No-show
A01650,2025-02-13,Provider A,Follow-up,35–49,2,0,0,11,0,15.7,Completed
A02234,2025-02-13,Provider C,Follow-up,50–64,7,0,0,10,1,,No-show
A03461,2025-02-13,Provider C,Primary care,65+,36,0,1,10,0,25.0,Completed
A03597,2025-02-13,Provider A,Follow-up,18–34,11,0,0,15,0,16.4,Completed
A00099,2025-02-14,Provider D,Primary care,35–49,42,3,1,8,0,10.2,Completed
A00586,2025-02-14,Provider C,Primary care,18–34,20,0,1,13,0,19.2,Completed
A00632,2025-02-14,Provider B,Primary care,18–34,22,0,1,8,0,14.5,Completed
A00794,2025-02-14,Provider A,Specialty,35–49,12,2,1,14,0,10.5,Completed
A00831,2025-02-14,Provider B,Specialty,18–34,13,0,1,11,0,9.1,Completed
A01202,2025-02-14,Provider A,Specialty,65+,34,1,1,8,0,9.8,Completed
A02293,2025-02-14,Provider B,Behavioral health,18–34,8,1,0,14,0,8.9,Completed
A02740,2025-02-14,Provider D,Follow-up,65+,1,1,1,8,0,14.5,Completed
A02989,2025-02-14,Provider B,Follow-up,50–64,38,0,1,10,0,12.1,Completed
A00349,2025-02-15,Provider A,Primary care,35–49,15,0,1,13,1,,No-show
A00804,2025-02-15,Provider C,Primary care,35–49,37,0,1,8,1,,No-show
A00856,2025-02-15,Provider B,Follow-up,18–34,40,2,1,8,1,,No-show
A01358,2025-02-15,Provider C,Primary care,18–34,32,0,1,10,0,25.5,Completed
A01577,2025-02-15,Provider A,Follow-up,50–64,11,1,1,15,0,26.2,Completed
A01679,2025-02-15,Provider B,Follow-up,35–49,16,0,1,8,1,,No-show
A01942,2025-02-15,Provider C,Specialty,18–34,16,1,1,15,1,,No-show
A02690,2025-02-15,Provider D,Behavioral health,65+,15,0,1,9,0,6.0,Completed
A02825,2025-02-15,Provider B,Behavioral health,18–34,39,0,1,10,0,0.0,Completed
A02835,2025-02-15,Provider C,Follow-up,50–64,1,0,1,9,0,19.0,Completed
A03071,2025-02-15,Provider C,Follow-up,65+,27,0,1,9,0,29.3,Completed
A03342,2025-02-15,Provider C,Primary care,18–34,4,0,1,10,1,,No-show
A00100,2025-02-16,Provider A,Follow-up,35–49,13,0,1,9,0,1.1,Completed
A01058,2025-02-16,Provider A,Primary care,65+,16,1,1,11,0,9.8,Completed
A01644,2025-02-16,Provider B,Primary care,65+,37,0,1,10,0,6.5,Completed
A01786,2025-02-16,Provider B,Behavioral health,65+,42,0,1,8,0,11.0,Completed
A02103,2025-02-16,Provider C,Follow-up,50–64,32,3,1,9,0,22.8,Completed
A02153,2025-02-16,Provider D,Follow-up,18–34,35,2,1,11,0,7.9,Completed
A02231,2025-02-16,Provider C,Follow-up,65+,17,0,1,11,0,17.5,Completed
A02341,2025-02-16,Provider C,Behavioral health,35–49,26,0,1,9,0,25.2,Completed
A02668,2025-02-16,Provider A,Follow-up,18–34,42,0,1,11,0,9.0,Completed
A02700,2025-02-16,Provider A,Follow-up,65+,43,3,1,10,0,11.4,Completed
A03388,2025-02-16,Provider D,Specialty,50–64,18,2,1,14,0,22.8,Completed
A00251,2025-02-17,Provider B,Specialty,18–34,39,0,0,11,0,8.0,Completed
A00539,2025-02-17,Provider D,Specialty,18–34,28,1,1,14,0,7.7,Completed
A00546,2025-02-17,Provider A,Follow-up,65+,15,0,1,15,0,22.1,Completed
A00574,2025-02-17,Provider B,Follow-up,35–49,13,0,1,13,0,2.2,Completed
A00921,2025-02-17,Provider D,Primary care,50–64,10,0,0,10,1,,No-show
A01047,2025-02-17,Provider A,Follow-up,50–64,31,0,1,10,0,16.0,Completed
A02942,2025-02-17,Provider D,Follow-up,35–49,13,0,1,10,0,7.7,Referred
A03050,2025-02-17,Provider D,Primary care,65+,45,0,1,9,0,12.5,Referred
A03153,2025-02-17,Provider B,Specialty,18–34,8,1,0,15,0,8.0,Completed
A00393,2025-02-18,Provider C,Primary care,18–34,24,0,0,9,0,16.8,Referred
A00570,2025-02-18,Provider A,Primary care,50–64,16,1,1,10,0,11.7,Completed
A00661,2025-02-18,Provider A,Follow-up,35–49,29,0,1,8,0,10.9,Completed
A00776,2025-02-18,Provider A,Primary care,18–34,26,1,1,10,1,,No-show
A00899,2025-02-18,Provider A,Follow-up,50–64,40,2,1,15,0,15.6,Completed
A01153,2025-02-18,Provider D,Specialty,35–49,28,2,0,11,1,,No-show
A01186,2025-02-18,Provider D,Primary care,50–64,28,0,1,8,1,,No-show
A01820,2025-02-18,Provider B,Specialty,35–49,25,1,0,9,0,15.1,Completed
A02726,2025-02-18,Provider A,Follow-up,50–64,19,1,1,14,0,14.5,Completed
A02734,2025-02-18,Provider A,Behavioral health,65+,2,2,1,10,0,12.4,Completed
A00401,2025-02-19,Provider D,Primary care,35–49,21,3,1,10,1,,No-show
A01688,2025-02-19,Provider C,Specialty,18–34,41,0,1,13,0,17.7,Completed
A01721,2025-02-19,Provider B,Specialty,35–49,36,1,1,14,0,9.3,Completed
A01879,2025-02-19,Provider D,Primary care,35–49,31,2,0,9,1,,No-show
A02029,2025-02-19,Provider C,Behavioral health,65+,30,0,0,13,1,,No-show
A02310,2025-02-19,Provider D,Follow-up,35–49,19,2,1,14,0,19.0,Completed
A02346,2025-02-19,Provider B,Specialty,35–49,27,0,1,15,0,13.7,Completed
A02627,2025-02-19,Provider B,Follow-up,18–34,31,1,1,10,0,10.2,Completed
A03064,2025-02-19,Provider C,Follow-up,18–34,41,1,0,14,0,28.5,Completed
A00094,2025-02-20,Provider A,Primary care,50–64,5,0,1,8,0,0.7,Completed
A00834,2025-02-20,Provider A,Primary care,18–34,6,0,0,10,0,7.5,Completed
A00965,2025-02-20,Provider A,Primary care,50–64,2,0,1,9,0,10.9,Completed
A01805,2025-02-20,Provider A,Primary care,50–64,20,0,1,11,0,17.8,Completed
A02027,2025-02-20,Provider C,Primary care,50–64,21,0,1,14,0,25.6,Completed
A02456,2025-02-20,Provider B,Primary care,50–64,38,0,1,15,0,8.3,Completed
A02886,2025-02-20,Provider B,Follow-up,35–49,30,0,1,14,0,11.9,Completed
A03054,2025-02-20,Provider C,Behavioral health,35–49,6,1,1,14,1,,No-show
A03257,2025-02-20,Provider C,Primary care,35–49,25,1,1,14,0,25.2,Completed
A00008,2025-02-21,Provider A,Follow-up,50–64,35,0,1,8,0,8.3,Completed
A00434,2025-02-21,Provider A,Behavioral health,18–34,37,0,1,9,0,13.0,Completed
A00469,2025-02-21,Provider B,Primary care,50–64,8,0,0,8,1,,No-show
A00472,2025-02-21,Provider D,Specialty,18–34,28,0,1,15,0,16.3,Completed
A00550,2025-02-21,Provider C,Specialty,65+,23,0,1,14,0,19.9,Completed
A00932,2025-02-21,Provider C,Follow-up,65+,43,0,1,15,0,24.4,Completed
A01537,2025-02-21,Provider C,Primary care,18–34,30,2,1,14,0,25.8,Completed
A01660,2025-02-21,Provider A,Primary care,65+,11,1,1,15,0,18.4,Completed
A01986,2025-02-21,Provider A,Primary care,65+,5,0,1,10,0,15.1,Completed
A02076,2025-02-21,Provider B,Primary care,18–34,14,0,1,10,0,18.2,Completed
A00153,2025-02-22,Provider D,Primary care,18–34,10,0,0,11,0,7.3,Referred
A01782,2025-02-22,Provider D,Specialty,35–49,30,0,1,15,0,6.1,Completed
A01793,2025-02-22,Provider C,Follow-up,65+,14,2,0,13,0,15.4,Referred
A02039,2025-02-22,Provider B,Primary care,65+,35,3,1,16,0,16.7,Referred
A02135,2025-02-22,Provider A,Behavioral health,35–49,21,0,1,9,1,,No-show
A02934,2025-02-22,Provider A,Behavioral health,35–49,14,2,0,15,0,18.2,Completed
A03133,2025-02-22,Provider A,Primary care,65+,28,1,0,13,0,19.7,Completed
A03561,2025-02-22,Provider D,Specialty,65+,24,0,0,14,0,8.1,Referred
A03591,2025-02-22,Provider B,Primary care,18–34,6,0,1,14,0,13.5,Completed
A00186,2025-02-23,Provider D,Follow-up,65+,32,0,1,9,0,13.6,Completed
A00645,2025-02-23,Provider B,Follow-up,35–49,12,0,1,14,0,18.7,Completed
A00657,2025-02-23,Provider C,Behavioral health,35–49,1,1,1,11,1,,No-show
A00720,2025-02-23,Provider C,Primary care,35–49,31,0,1,16,0,28.9,Completed
A02284,2025-02-23,Provider C,Follow-up,35–49,44,0,1,15,0,31.6,Completed
A02335,2025-02-23,Provider C,Primary care,18–34,14,0,0,14,0,27.1,Referred
A01201,2025-02-24,Provider D,Specialty,50–64,24,0,1,9,0,13.7,Completed
A01228,2025-02-24,Provider D,Primary care,65+,44,0,1,11,0,4.0,Completed
A01393,2025-02-24,Provider D,Behavioral health,35–49,31,0,1,13,0,17.1,Completed
A01642,2025-02-24,Provider C,Follow-up,35–49,38,0,1,14,0,26.8,Completed
A01678,2025-02-24,Provider B,Primary care,18–34,29,0,1,10,0,11.8,Completed
A02170,2025-02-24,Provider C,Follow-up,50–64,1,0,1,13,0,18.2,Completed
A02178,2025-02-24,Provider B,Behavioral health,18–34,44,0,0,15,0,16.2,Completed
A03486,2025-02-24,Provider B,Behavioral health,18–34,10,2,1,14,1,,No-show
A00012,2025-02-25,Provider C,Primary care,18–34,29,0,1,10,0,22.0,Completed
A00017,2025-02-25,Provider D,Behavioral health,50–64,22,0,1,15,0,10.1,Completed
A00500,2025-02-25,Provider C,Specialty,50–64,33,0,1,9,0,19.2,Completed
A01180,2025-02-25,Provider A,Specialty,65+,13,0,1,11,0,12.7,Completed
A01235,2025-02-25,Provider B,Behavioral health,35–49,5,0,0,10,0,8.2,Completed
A01960,2025-02-25,Provider A,Follow-up,18–34,24,1,0,10,0,4.1,Referred
A02261,2025-02-25,Provider A,Primary care,35–49,28,0,1,8,0,0.0,Completed
A02601,2025-02-25,Provider A,Follow-up,35–49,16,0,1,14,0,9.9,Completed
A03370,2025-02-25,Provider C,Primary care,65+,18,1,0,13,0,12.5,Completed
A03380,2025-02-25,Provider C,Primary care,50–64,11,1,1,11,0,18.7,Completed
A00033,2025-02-26,Provider B,Primary care,18–34,21,0,1,8,1,,No-show
A00357,2025-02-26,Provider D,Primary care,50–64,6,0,1,15,0,18.8,Referred
A01046,2025-02-26,Provider D,Primary care,18–34,29,0,1,15,0,18.3,Completed
A01727,2025-02-26,Provider D,Follow-up,35–49,26,2,0,13,0,14.5,Completed
A01768,2025-02-26,Provider C,Primary care,50–64,27,0,0,8,0,16.9,Referred
A02066,2025-02-26,Provider C,Follow-up,50–64,22,0,1,13,0,16.6,Completed
A03046,2025-02-26,Provider B,Primary care,18–34,7,1,1,13,0,7.1,Completed
A03076,2025-02-26,Provider A,Primary care,18–34,32,0,1,9,0,14.7,Completed
A03435,2025-02-26,Provider B,Follow-up,65+,39,0,0,15,0,18.6,Completed
A03536,2025-02-26,Provider C,Primary care,18–34,40,0,1,15,0,39.3,Completed
A00444,2025-02-27,Provider D,Primary care,18–34,41,2,1,11,0,20.3,Completed
A00455,2025-02-27,Provider D,Behavioral health,18–34,17,0,1,10,0,0.3,Completed
A00581,2025-02-27,Provider A,Primary care,18–34,15,1,1,11,0,15.5,Completed
A00886,2025-02-27,Provider D,Follow-up,35–49,6,0,1,9,0,2.5,Completed
A01355,2025-02-27,Provider D,Primary care,65+,7,0,1,10,0,8.9,Completed
A01431,2025-02-27,Provider A,Primary care,50–64,29,1,1,15,0,11.0,Completed
A01470,2025-02-27,Provider C,Specialty,35–49,20,3,1,13,0,19.9,Completed
A01562,2025-02-27,Provider C,Primary care,35–49,23,3,1,8,0,14.4,Completed
A02216,2025-02-27,Provider A,Specialty,35–49,40,1,1,11,0,5.0,Completed
A02320,2025-02-27,Provider B,Behavioral health,50–64,34,0,1,15,0,19.7,Completed
A02397,2025-02-27,Provider B,Primary care,50–64,8,0,1,13,0,11.9,Referred
A02612,2025-02-27,Provider B,Primary care,65+,5,0,1,16,0,12.4,Referred
A03122,2025-02-27,Provider B,Follow-up,18–34,40,0,1,11,0,7.1,Completed
A00596,2025-02-28,Provider D,Primary care,35–49,10,0,1,10,0,10.3,Completed
A01130,2025-02-28,Provider C,Follow-up,18–34,5,1,1,8,0,20.9,Completed
A01310,2025-02-28,Provider D,Primary care,35–49,30,0,0,14,0,17.5,Completed
A02526,2025-02-28,Provider D,Follow-up,18–34,35,0,0,13,0,15.0,Completed
A02531,2025-02-28,Provider D,Behavioral health,65+,16,0,0,14,1,,No-show
A02744,2025-02-28,Provider D,Follow-up,18–34,28,1,1,14,0,13.9,Completed
A02804,2025-02-28,Provider A,Follow-up,35–49,22,1,1,15,0,12.3,Completed
A02921,2025-02-28,Provider C,Follow-up,65+,18,1,0,14,0,24.2,Completed
A03011,2025-02-28,Provider A,Behavioral health,50–64,19,0,1,11,0,9.9,Completed
A03083,2025-02-28,Provider B,Primary care,65+,9,0,1,14,0,9.3,Completed
A03586,2025-02-28,Provider C,Primary care,50–64,25,0,1,9,0,14.5,Referred
A00235,2025-03-01,Provider B,Primary care,50–64,7,2,1,15,1,,No-show
A00336,2025-03-01,Provider C,Follow-up,35–49,16,0,1,8,0,25.2,Completed
A00554,2025-03-01,Provider D,Follow-up,50–64,4,0,1,14,0,12.4,Referred
A00681,2025-03-01,Provider C,Primary care,18–34,40,1,0,13,1,,No-show
A01113,2025-03-01,Provider A,Primary care,18–34,10,0,0,11,0,14.3,Completed
A01177,2025-03-01,Provider C,Follow-up,35–49,21,0,1,11,0,22.0,Completed
A01232,2025-03-01,Provider B,Primary care,35–49,18,1,1,11,0,11.3,Completed
A01487,2025-03-01,Provider A,Behavioral health,35–49,23,3,1,10,0,17.8,Completed
A01899,2025-03-01,Provider A,Primary care,50–64,15,0,1,16,1,,No-show
A02221,2025-03-01,Provider C,Primary care,35–49,40,0,1,15,0,29.0,Completed
A02729,2025-03-01,Provider B,Behavioral health,18–34,28,0,1,14,0,9.8,Completed
A02759,2025-03-01,Provider B,Primary care,35–49,44,1,1,9,0,4.9,Completed
A02806,2025-03-01,Provider C,Follow-up,35–49,3,0,1,11,0,15.2,Completed
A02889,2025-03-01,Provider B,Behavioral health,65+,31,0,1,16,0,11.8,Completed
A03271,2025-03-01,Provider A,Primary care,50–64,15,1,1,15,0,12.8,Completed
A03286,2025-03-01,Provider C,Primary care,50–64,23,1,1,16,0,28.9,Completed
A03394,2025-03-01,Provider D,Behavioral health,50–64,34,0,1,13,0,4.6,Completed
A00098,2025-03-02,Provider A,Primary care,18–34,41,0,1,15,0,17.0,Completed
A00314,2025-03-02,Provider D,Specialty,65+,30,0,1,14,0,18.1,Referred
A00507,2025-03-02,Provider A,Behavioral health,50–64,11,1,1,8,0,8.9,Completed
A00712,2025-03-02,Provider D,Follow-up,65+,13,0,1,11,0,2.5,Completed
A00891,2025-03-02,Provider D,Behavioral health,18–34,7,0,1,10,0,14.3,Completed
A01433,2025-03-02,Provider D,Primary care,50–64,20,1,1,13,0,10.4,Completed
A01499,2025-03-02,Provider D,Behavioral health,35–49,2,1,1,11,1,,No-show
A02012,2025-03-02,Provider D,Primary care,65+,45,0,1,11,0,2.8,Completed
A02047,2025-03-02,Provider D,Follow-up,35–49,20,1,1,10,0,20.9,Completed
A02241,2025-03-02,Provider D,Primary care,18–34,15,0,1,14,0,20.8,Completed
A02584,2025-03-02,Provider B,Behavioral health,18–34,13,0,1,11,0,4.2,Completed
A02633,2025-03-02,Provider C,Primary care,65+,11,0,1,15,0,27.2,Completed
A03305,2025-03-02,Provider A,Primary care,35–49,3,0,1,14,0,14.8,Completed
A03584,2025-03-02,Provider B,Behavioral health,50–64,36,2,1,11,1,,No-show
A00355,2025-03-03,Provider C,Follow-up,50–64,19,0,1,13,0,27.6,Referred
A00718,2025-03-03,Provider A,Primary care,18–34,45,0,1,13,0,11.0,Completed
A00757,2025-03-03,Provider D,Primary care,35–49,23,2,0,8,0,8.4,Completed
A01199,2025-03-03,Provider C,Primary care,50–64,27,0,0,13,0,20.1,Completed
A01281,2025-03-03,Provider A,Behavioral health,65+,14,0,0,16,1,,No-show
A02550,2025-03-03,Provider D,Follow-up,65+,27,2,0,13,0,8.9,Completed
A02807,2025-03-03,Provider D,Primary care,65+,25,1,1,11,0,10.4,Completed
A02878,2025-03-03,Provider A,Primary care,50–64,12,1,1,11,0,18.1,Completed
A02998,2025-03-03,Provider C,Specialty,18–34,22,0,1,8,0,18.4,Completed
A03391,2025-03-03,Provider D,Behavioral health,65+,8,0,1,8,0,11.2,Completed
A00630,2025-03-04,Provider B,Primary care,35–49,42,0,1,16,0,25.2,Referred
A00889,2025-03-04,Provider B,Behavioral health,35–49,26,0,1,10,0,26.5,Referred
A00916,2025-03-04,Provider A,Primary care,65+,18,0,1,14,0,4.4,Completed
A01601,2025-03-04,Provider C,Follow-up,35–49,20,1,0,11,0,25.2,Referred
A01815,2025-03-04,Provider B,Primary care,65+,2,1,1,8,0,12.0,Completed
A02008,2025-03-04,Provider D,Follow-up,18–34,13,0,1,13,0,9.2,Completed
A02185,2025-03-04,Provider C,Specialty,65+,17,2,1,11,0,22.5,Completed
A02419,2025-03-04,Provider A,Behavioral health,65+,29,1,1,15,0,17.9,Completed
A02659,2025-03-04,Provider B,Primary care,65+,2,1,1,16,0,21.3,Completed
A03068,2025-03-04,Provider B,Follow-up,65+,37,0,1,14,0,15.5,Completed
A03199,2025-03-04,Provider D,Specialty,65+,15,0,1,14,0,14.2,Completed
A03474,2025-03-04,Provider D,Follow-up,50–64,32,0,1,16,0,16.7,Completed
A03510,2025-03-04,Provider A,Primary care,35–49,11,0,0,11,0,17.8,Completed
A03520,2025-03-04,Provider C,Follow-up,65+,22,0,1,13,0,23.5,Referred
A03577,2025-03-04,Provider A,Follow-up,35–49,37,2,1,16,0,11.7,Completed
A00034,2025-03-05,Provider C,Follow-up,50–64,31,0,1,16,0,21.4,Completed
A00385,2025-03-05,Provider C,Specialty,50–64,22,0,0,14,1,,No-show
A00706,2025-03-05,Provider B,Primary care,35–49,24,1,1,16,0,16.2,Completed
A01289,2025-03-05,Provider B,Follow-up,65+,7,3,1,13,1,,No-show
A01693,2025-03-05,Provider D,Primary care,35–49,43,0,1,16,0,10.9,Completed
A03081,2025-03-05,Provider A,Primary care,18–34,38,0,1,11,1,,No-show
A03175,2025-03-05,Provider D,Behavioral health,50–64,29,0,1,10,0,11.2,Completed
A00115,2025-03-06,Provider D,Primary care,65+,30,0,1,11,0,17.2,Completed
A00124,2025-03-06,Provider B,Behavioral health,50–64,41,1,0,11,0,14.4,Referred
A00144,2025-03-06,Provider D,Specialty,35–49,7,1,1,16,0,22.4,Completed
A00229,2025-03-06,Provider A,Primary care,50–64,6,1,1,9,1,,No-show
A00512,2025-03-06,Provider B,Primary care,18–34,33,1,1,13,0,27.3,Completed
A00562,2025-03-06,Provider B,Behavioral health,65+,2,0,0,14,0,16.4,Completed
A01494,2025-03-06,Provider B,Behavioral health,50–64,43,1,1,16,1,,No-show
A01832,2025-03-06,Provider B,Follow-up,65+,3,0,1,16,0,15.0,Completed
A01970,2025-03-06,Provider C,Follow-up,35–49,22,0,1,9,0,15.5,Completed
A02451,2025-03-06,Provider D,Primary care,50–64,39,0,1,14,0,5.1,Completed
A02671,2025-03-06,Provider A,Behavioral health,65+,4,0,1,14,0,17.5,Completed
A02708,2025-03-06,Provider A,Follow-up,50–64,19,1,1,10,0,10.6,Completed
A03233,2025-03-06,Provider B,Primary care,65+,28,1,1,10,0,6.7,Completed
A00491,2025-03-07,Provider C,Behavioral health,35–49,30,1,1,15,0,21.0,Referred
A00619,2025-03-07,Provider C,Follow-up,50–64,43,0,1,8,0,16.5,Completed
A02823,2025-03-07,Provider D,Primary care,18–34,17,2,0,10,1,,No-show
A03018,2025-03-07,Provider D,Follow-up,50–64,11,0,1,11,0,15.2,Completed
A00029,2025-03-08,Provider D,Follow-up,50–64,20,1,1,11,0,6.7,Completed
A00178,2025-03-08,Provider D,Behavioral health,65+,11,1,1,14,0,10.7,Completed
A00332,2025-03-08,Provider B,Primary care,35–49,38,0,0,15,0,7.6,Completed
A01049,2025-03-08,Provider A,Primary care,18–34,24,0,1,16,0,10.1,Completed
A01129,2025-03-08,Provider A,Behavioral health,18–34,5,1,1,15,0,24.4,Referred
A01493,2025-03-08,Provider C,Primary care,35–49,15,0,0,8,0,19.3,Completed
A01773,2025-03-08,Provider A,Behavioral health,50–64,7,0,1,9,0,8.2,Completed
A02151,2025-03-08,Provider C,Follow-up,65+,7,2,1,13,0,14.6,Completed
A02635,2025-03-08,Provider A,Primary care,50–64,41,2,1,14,1,,No-show
A03459,2025-03-08,Provider A,Follow-up,65+,44,3,1,14,0,9.9,Referred
A00634,2025-03-09,Provider C,Behavioral health,35–49,26,0,1,8,0,12.9,Completed
A01293,2025-03-09,Provider D,Primary care,18–34,23,0,1,13,0,6.9,Completed
A02344,2025-03-09,Provider C,Primary care,35–49,19,0,1,14,0,25.1,Completed
A02613,2025-03-09,Provider C,Primary care,50–64,35,1,1,8,1,,No-show
A02981,2025-03-09,Provider A,Follow-up,35–49,43,0,1,11,0,16.4,Completed
A03023,2025-03-09,Provider D,Primary care,18–34,44,0,1,16,0,10.4,Completed
A00252,2025-03-10,Provider C,Primary care,35–49,31,0,1,10,0,23.3,Completed
A00454,2025-03-10,Provider A,Follow-up,18–34,12,1,1,13,0,9.2,Completed
A00911,2025-03-10,Provider D,Specialty,50–64,13,0,0,15,0,15.1,Completed
A01581,2025-03-10,Provider C,Primary care,18–34,34,0,1,11,0,20.1,Referred
A01860,2025-03-10,Provider C,Primary care,18–34,4,3,1,14,0,33.9,Completed
A01962,2025-03-10,Provider C,Primary care,65+,18,0,1,13,0,23.3,Completed
A02265,2025-03-10,Provider A,Follow-up,18–34,10,0,1,8,0,3.2,Completed
A03287,2025-03-10,Provider C,Primary care,35–49,42,1,0,16,0,27.9,Referred
A00604,2025-03-11,Provider B,Specialty,18–34,32,0,1,10,0,14.7,Completed
A00744,2025-03-11,Provider D,Primary care,50–64,5,0,1,14,0,19.3,Referred
A01509,2025-03-11,Provider B,Primary care,50–64,25,0,1,10,0,7.6,Completed
A01582,2025-03-11,Provider B,Behavioral health,50–64,38,0,1,8,0,0.6,Completed
A01737,2025-03-11,Provider A,Follow-up,35–49,10,0,1,14,0,9.4,Completed
A02134,2025-03-11,Provider D,Primary care,18–34,14,0,1,9,0,7.1,Completed
A02232,2025-03-11,Provider B,Follow-up,35–49,34,0,1,8,0,13.4,Completed
A03208,2025-03-11,Provider D,Primary care,35–49,5,1,1,8,0,13.6,Completed
A03478,2025-03-11,Provider A,Follow-up,50–64,22,1,1,16,0,12.7,Completed
A00194,2025-03-12,Provider D,Specialty,18–34,7,1,0,11,0,4.2,Completed
A02133,2025-03-12,Provider A,Primary care,50–64,44,1,1,9,0,8.8,Referred
A02339,2025-03-12,Provider A,Follow-up,65+,26,0,1,9,0,7.0,Completed
A02643,2025-03-12,Provider A,Follow-up,50–64,39,0,0,11,0,13.6,Completed
A02751,2025-03-12,Provider D,Primary care,65+,19,2,0,15,0,11.1,Completed
A03285,2025-03-12,Provider D,Behavioral health,65+,19,0,1,10,1,,No-show
A03335,2025-03-12,Provider B,Primary care,65+,19,2,1,10,0,10.3,Referred
A03362,2025-03-12,Provider C,Follow-up,50–64,14,0,1,9,0,14.8,Referred
A03420,2025-03-12,Provider A,Primary care,35–49,20,0,1,15,0,14.0,Completed
A00061,2025-03-13,Provider B,Follow-up,50–64,24,0,1,10,0,9.7,Completed
A00388,2025-03-13,Provider B,Follow-up,50–64,32,0,1,10,0,11.2,Referred
A00956,2025-03-13,Provider D,Follow-up,50–64,2,0,1,8,0,9.0,Completed
A01102,2025-03-13,Provider A,Follow-up,50–64,16,0,1,14,0,25.2,Completed
A01125,2025-03-13,Provider A,Behavioral health,35–49,10,0,1,16,0,11.3,Completed
A01305,2025-03-13,Provider D,Behavioral health,50–64,21,0,1,11,0,8.7,Completed
A01639,2025-03-13,Provider A,Primary care,50–64,6,0,1,14,0,11.3,Completed
A01664,2025-03-13,Provider A,Primary care,18–34,25,0,1,9,1,,No-show
A01844,2025-03-13,Provider B,Follow-up,65+,19,1,1,11,1,,No-show
A02099,2025-03-13,Provider C,Behavioral health,18–34,3,0,1,11,0,11.7,Completed
A02197,2025-03-13,Provider C,Primary care,50–64,40,0,1,15,0,24.1,Referred
A02624,2025-03-13,Provider C,Behavioral health,65+,24,0,1,9,1,,No-show
A02896,2025-03-13,Provider B,Primary care,50–64,45,0,1,13,0,11.6,Completed
A03004,2025-03-13,Provider A,Primary care,35–49,34,0,1,10,0,8.6,Completed
A03151,2025-03-13,Provider D,Primary care,50–64,30,1,0,13,1,,No-show
A03228,2025-03-13,Provider D,Follow-up,35–49,35,1,1,10,0,11.9,Completed
A03237,2025-03-13,Provider B,Follow-up,50–64,15,3,0,10,0,6.9,Completed
A03321,2025-03-13,Provider B,Follow-up,18–34,11,1,1,13,0,3.1,Completed
A00052,2025-03-14,Provider A,Primary care,18–34,3,0,0,16,0,11.6,Completed
A00184,2025-03-14,Provider C,Primary care,18–34,5,2,1,10,0,22.8,Referred
A00423,2025-03-14,Provider C,Follow-up,35–49,14,0,1,14,1,,No-show
A00750,2025-03-14,Provider D,Follow-up,18–34,28,1,1,16,0,19.2,Completed
A01252,2025-03-14,Provider C,Behavioral health,65+,6,0,1,13,0,16.0,Completed
A01424,2025-03-14,Provider B,Follow-up,18–34,30,0,1,9,0,12.4,Completed
A01476,2025-03-14,Provider A,Primary care,50–64,30,0,0,8,1,,No-show
A01569,2025-03-14,Provider C,Follow-up,35–49,21,0,0,10,0,12.8,Completed
A01598,2025-03-14,Provider C,Primary care,50–64,30,1,1,16,1,,No-show
A01637,2025-03-14,Provider D,Primary care,35–49,7,0,1,11,0,12.4,Completed
A01656,2025-03-14,Provider C,Behavioral health,50–64,14,2,1,9,0,18.2,Completed
A01689,2025-03-14,Provider C,Primary care,18–34,19,0,1,11,0,18.8,Completed
A02038,2025-03-14,Provider A,Follow-up,35–49,23,0,1,16,0,16.1,Completed
A02106,2025-03-14,Provider B,Specialty,65+,33,0,1,15,1,,No-show
A02271,2025-03-14,Provider C,Primary care,18–34,38,2,1,14,1,,No-show
A02354,2025-03-14,Provider D,Primary care,65+,36,0,0,14,0,6.6,Completed
A02716,2025-03-14,Provider C,Follow-up,65+,40,0,1,14,1,,No-show
A00054,2025-03-15,Provider C,Behavioral health,18–34,34,0,0,11,0,15.6,Completed
A00505,2025-03-15,Provider C,Specialty,35–49,12,1,1,10,0,20.4,Referred
A00563,2025-03-15,Provider D,Follow-up,65+,21,0,1,9,0,5.9,Completed
A00651,2025-03-15,Provider A,Follow-up,18–34,41,0,1,15,1,,No-show
A00805,2025-03-15,Provider D,Follow-up,50–64,24,0,1,13,1,,No-show
A00917,2025-03-15,Provider B,Specialty,35–49,30,0,0,11,0,8.0,Completed
A01479,2025-03-15,Provider C,Primary care,50–64,21,1,1,16,1,,No-show
A03194,2025-03-15,Provider B,Behavioral health,18–34,44,0,1,14,0,12.1,Completed
A01571,2025-03-16,Provider B,Primary care,18–34,41,0,0,16,0,11.5,Completed
A02007,2025-03-16,Provider C,Follow-up,50–64,7,0,0,16,0,36.3,Completed
A02651,2025-03-16,Provider A,Follow-up,35–49,15,0,1,11,0,3.5,Completed
A00476,2025-03-17,Provider A,Primary care,50–64,41,0,1,9,1,,No-show
A00504,2025-03-17,Provider A,Behavioral health,35–49,29,0,1,16,0,22.1,Referred
A01941,2025-03-17,Provider B,Specialty,35–49,13,1,1,14,0,24.4,Completed
A02519,2025-03-17,Provider B,Specialty,18–34,15,0,1,14,0,19.5,Referred
A02587,2025-03-17,Provider D,Primary care,35–49,34,1,1,13,1,,No-show
A00629,2025-03-18,Provider C,Primary care,35–49,32,0,1,9,1,,No-show
A01167,2025-03-18,Provider B,Primary care,18–34,37,1,1,10,0,13.6,Completed
A02163,2025-03-18,Provider B,Primary care,65+,21,0,0,10,0,0.2,Completed
A02326,2025-03-18,Provider B,Follow-up,50–64,7,0,1,13,0,4.7,Completed
A02392,2025-03-18,Provider C,Follow-up,65+,2,0,1,11,0,12.4,Completed
A03494,2025-03-18,Provider A,Follow-up,18–34,24,1,1,14,0,3.9,Completed
A03552,2025-03-18,Provider A,Follow-up,50–64,13,0,1,15,0,15.0,Completed
A00214,2025-03-19,Provider B,Primary care,18–34,4,3,1,8,0,7.4,Completed
A00553,2025-03-19,Provider A,Follow-up,65+,42,0,0,13,0,5.9,Completed
A02117,2025-03-19,Provider D,Follow-up,18–34,2,0,1,11,0,1.8,Referred
A02119,2025-03-19,Provider D,Primary care,65+,34,0,1,13,1,,No-show
A02126,2025-03-19,Provider D,Follow-up,50–64,22,1,1,8,0,21.9,Completed
A02667,2025-03-19,Provider D,Primary care,35–49,26,2,0,16,1,,No-show
A02936,2025-03-19,Provider C,Follow-up,65+,3,0,1,15,0,28.4,Completed
A03014,2025-03-19,Provider D,Behavioral health,50–64,2,0,1,8,0,13.9,Completed
A03102,2025-03-19,Provider B,Primary care,35–49,12,2,1,8,1,,No-show
A03545,2025-03-19,Provider A,Follow-up,18–34,42,0,1,13,0,3.7,Referred
A00150,2025-03-20,Provider A,Primary care,35–49,7,1,1,10,1,,No-show
A00166,2025-03-20,Provider C,Primary care,65+,43,0,0,11,1,,No-show
A00240,2025-03-20,Provider C,Primary care,50–64,28,2,1,8,0,18.1,Completed
A00306,2025-03-20,Provider B,Follow-up,65+,42,0,0,8,0,10.2,Completed
A00711,2025-03-20,Provider A,Follow-up,18–34,26,0,1,10,0,15.7,Completed
A01051,2025-03-20,Provider B,Primary care,65+,7,0,1,9,0,11.6,Referred
A01285,2025-03-20,Provider D,Primary care,50–64,8,2,1,15,0,10.8,Completed
A02169,2025-03-20,Provider A,Behavioral health,18–34,1,0,1,13,0,9.6,Completed
A02875,2025-03-20,Provider B,Follow-up,18–34,43,2,1,15,0,20.3,Completed
A03084,2025-03-20,Provider D,Specialty,50–64,31,0,0,14,0,14.7,Completed
A00155,2025-03-21,Provider A,Primary care,50–64,36,0,1,15,0,15.3,Referred
A01086,2025-03-21,Provider B,Behavioral health,18–34,43,0,1,10,0,8.7,Completed
A01155,2025-03-21,Provider A,Follow-up,35–49,39,0,1,14,1,,No-show
A01262,2025-03-21,Provider C,Specialty,18–34,11,0,1,8,0,22.2,Completed
A01412,2025-03-21,Provider D,Primary care,50–64,20,0,0,15,0,12.4,Completed
A01580,2025-03-21,Provider D,Follow-up,65+,28,0,1,9,1,,No-show
A02364,2025-03-21,Provider D,Primary care,35–49,25,0,1,16,0,19.6,Referred
A02826,2025-03-21,Provider A,Follow-up,50–64,7,0,0,8,0,6.8,Referred
A02841,2025-03-21,Provider A,Specialty,50–64,26,2,1,9,0,16.2,Completed
A03147,2025-03-21,Provider D,Primary care,18–34,23,0,1,15,0,17.5,Completed
A03360,2025-03-21,Provider D,Primary care,18–34,38,0,1,9,1,,No-show
A00350,2025-03-22,Provider B,Specialty,65+,5,0,1,16,0,6.7,Referred
A00453,2025-03-22,Provider B,Follow-up,35–49,44,0,1,15,0,13.8,Completed
A00551,2025-03-22,Provider A,Follow-up,18–34,11,1,1,8,0,3.3,Completed
A00583,2025-03-22,Provider A,Behavioral health,35–49,45,0,1,13,0,12.9,Completed
A01039,2025-03-22,Provider D,Primary care,65+,16,1,1,14,0,4.1,Completed
A01836,2025-03-22,Provider C,Primary care,18–34,20,1,1,16,0,36.4,Completed
A02480,2025-03-22,Provider A,Specialty,50–64,36,0,1,13,0,10.8,Completed
A03171,2025-03-22,Provider D,Specialty,65+,38,0,1,11,0,19.5,Completed
A03518,2025-03-22,Provider D,Primary care,18–34,3,0,1,16,0,12.6,Completed
A00077,2025-03-23,Provider C,Follow-up,18–34,12,1,1,16,1,,No-show
A00700,2025-03-23,Provider C,Follow-up,65+,25,1,1,11,0,10.1,Completed
A01057,2025-03-23,Provider C,Primary care,50–64,32,0,1,10,1,,No-show
A01250,2025-03-23,Provider B,Behavioral health,35–49,9,0,1,9,1,,No-show
A01434,2025-03-23,Provider B,Follow-up,35–49,11,0,1,14,0,12.0,Completed
A01841,2025-03-23,Provider B,Behavioral health,35–49,9,2,0,8,0,14.9,Referred
A01881,2025-03-23,Provider A,Primary care,50–64,10,0,1,9,0,8.8,Completed
A02083,2025-03-23,Provider C,Specialty,65+,11,2,1,10,0,22.2,Referred
A02089,2025-03-23,Provider B,Behavioral health,65+,33,0,1,10,1,,No-show
A02150,2025-03-23,Provider B,Follow-up,35–49,27,0,1,16,0,7.8,Completed
A02277,2025-03-23,Provider D,Follow-up,35–49,18,1,1,15,0,8.3,Completed
A02641,2025-03-23,Provider B,Specialty,18–34,25,3,0,8,0,15.4,Completed
A02710,2025-03-23,Provider D,Primary care,65+,43,1,1,9,0,5.0,Completed
A03336,2025-03-23,Provider D,Specialty,18–34,22,0,1,16,0,8.6,Completed
A03415,2025-03-23,Provider D,Specialty,18–34,22,1,1,10,0,3.2,Completed
A03457,2025-03-23,Provider C,Follow-up,18–34,20,1,1,8,0,20.0,Completed
A03531,2025-03-23,Provider A,Primary care,50–64,9,1,1,14,0,11.7,Referred
A00471,2025-03-24,Provider A,Specialty,50–64,4,2,1,15,0,13.9,Completed
A00622,2025-03-24,Provider C,Primary care,65+,42,0,0,8,0,19.4,Completed
A00756,2025-03-24,Provider A,Follow-up,18–34,38,0,1,8,1,,No-show
A01458,2025-03-24,Provider A,Primary care,65+,4,0,1,14,0,12.0,Completed
A01796,2025-03-24,Provider D,Follow-up,35–49,4,0,1,15,0,12.1,Completed
A01955,2025-03-24,Provider D,Primary care,18–34,22,0,1,8,0,6.0,Completed
A02111,2025-03-24,Provider A,Follow-up,18–34,30,0,1,16,0,19.8,Completed
A02181,2025-03-24,Provider B,Specialty,35–49,4,1,1,14,0,22.0,Completed
A02282,2025-03-24,Provider D,Primary care,65+,20,0,1,8,0,20.2,Completed
A00026,2025-03-25,Provider D,Behavioral health,65+,32,0,1,15,0,8.4,Completed
A00536,2025-03-25,Provider A,Primary care,65+,11,0,1,15,0,6.1,Completed
A00755,2025-03-25,Provider B,Behavioral health,65+,21,0,0,16,0,8.1,Completed
A01481,2025-03-25,Provider A,Primary care,35–49,6,3,1,11,0,20.5,Completed
A02062,2025-03-25,Provider C,Specialty,18–34,39,0,1,8,0,22.6,Completed
A02301,2025-03-25,Provider B,Follow-up,65+,33,0,0,8,0,14.5,Completed
A03213,2025-03-25,Provider C,Follow-up,50–64,10,1,0,13,0,17.3,Completed
A03318,2025-03-25,Provider D,Specialty,35–49,4,0,1,16,0,6.8,Completed
A03465,2025-03-25,Provider C,Primary care,50–64,28,0,1,15,0,28.5,Completed
A03589,2025-03-25,Provider B,Specialty,50–64,6,0,1,11,0,0.0,Completed
A00707,2025-03-26,Provider A,Specialty,35–49,40,0,1,13,0,11.1,Completed
A01030,2025-03-26,Provider A,Follow-up,50–64,1,0,0,15,0,13.1,Referred
A01165,2025-03-26,Provider C,Primary care,35–49,44,1,0,9,1,,No-show
A01172,2025-03-26,Provider C,Follow-up,50–64,37,0,1,15,0,23.9,Completed
A01298,2025-03-26,Provider C,Primary care,65+,16,0,1,9,0,26.0,Completed
A01348,2025-03-26,Provider D,Specialty,65+,20,0,1,15,0,9.7,Completed
A02107,2025-03-26,Provider C,Specialty,18–34,33,0,1,8,0,24.2,Completed
A02238,2025-03-26,Provider B,Follow-up,35–49,22,0,0,14,0,11.7,Completed
A03028,2025-03-26,Provider C,Follow-up,18–34,18,1,1,8,0,21.3,Completed
A03143,2025-03-26,Provider C,Behavioral health,35–49,41,0,1,8,0,17.5,Completed
A00139,2025-03-27,Provider C,Follow-up,50–64,8,2,1,11,1,,No-show
A00983,2025-03-27,Provider A,Primary care,35–49,34,0,0,8,0,15.4,Completed
A01940,2025-03-27,Provider D,Primary care,50–64,13,0,0,9,0,6.9,Completed
A02378,2025-03-27,Provider B,Specialty,65+,37,0,1,14,1,,No-show
A02413,2025-03-27,Provider B,Specialty,65+,5,0,0,16,0,14.5,Completed
A02758,2025-03-27,Provider A,Follow-up,65+,39,0,1,15,0,7.6,Completed
A03027,2025-03-27,Provider D,Follow-up,65+,7,0,1,14,0,14.8,Completed
A03091,2025-03-27,Provider D,Behavioral health,50–64,25,0,1,8,0,1.9,Completed
A00600,2025-03-28,Provider A,Follow-up,18–34,8,0,1,13,0,9.8,Completed
A01064,2025-03-28,Provider A,Primary care,18–34,18,0,1,8,0,14.6,Completed
A01612,2025-03-28,Provider B,Primary care,35–49,15,3,1,14,0,19.4,Completed
A02142,2025-03-28,Provider A,Behavioral health,35–49,38,0,1,13,1,,No-show
A02224,2025-03-28,Provider B,Primary care,65+,12,0,1,10,0,7.5,Completed
A02379,2025-03-28,Provider B,Primary care,18–34,14,3,1,13,0,19.9,Completed
A02911,2025-03-28,Provider D,Behavioral health,18–34,27,3,0,15,1,,No-show
A03249,2025-03-28,Provider D,Primary care,18–34,14,0,0,13,0,11.0,Completed
A03550,2025-03-28,Provider A,Behavioral health,18–34,6,2,1,11,0,14.1,Completed
A03568,2025-03-28,Provider C,Behavioral health,65+,37,0,0,15,1,,No-show
A00893,2025-03-29,Provider A,Primary care,50–64,33,0,1,13,0,8.3,Completed
A01416,2025-03-29,Provider A,Follow-up,65+,38,0,1,16,0,17.6,Completed
A01444,2025-03-29,Provider D,Follow-up,65+,24,2,0,8,0,16.0,Completed
A01898,2025-03-29,Provider C,Primary care,50–64,19,0,1,16,0,19.2,Completed
A02184,2025-03-29,Provider A,Primary care,50–64,20,3,1,10,0,11.8,Completed
A02618,2025-03-29,Provider A,Behavioral health,65+,12,0,1,11,0,1.3,Completed
A03110,2025-03-29,Provider A,Primary care,50–64,33,0,1,15,0,18.7,Completed
A03569,2025-03-29,Provider A,Specialty,18–34,32,1,0,11,1,,No-show
A00982,2025-03-30,Provider B,Follow-up,65+,4,0,1,13,0,7.0,Completed
A01035,2025-03-30,Provider B,Specialty,18–34,23,0,0,11,0,12.7,Completed
A02516,2025-03-30,Provider C,Specialty,18–34,15,0,1,9,0,19.7,Completed
A02725,2025-03-30,Provider B,Primary care,65+,31,2,1,13,0,13.3,Completed
A00431,2025-03-31,Provider D,Specialty,35–49,30,0,1,13,0,3.5,Referred
A01490,2025-03-31,Provider A,Primary care,50–64,24,1,0,10,0,6.0,Completed
A02279,2025-03-31,Provider C,Primary care,65+,18,1,1,8,0,17.4,Referred
A00057,2025-04-01,Provider D,Primary care,35–49,19,1,1,13,0,9.3,Completed
A00128,2025-04-01,Provider B,Primary care,18–34,13,1,0,14,0,4.5,Referred
A01037,2025-04-01,Provider D,Primary care,35–49,7,0,1,10,0,15.6,Completed
A01144,2025-04-01,Provider B,Behavioral health,18–34,34,0,0,8,1,,No-show
A01312,2025-04-01,Provider B,Primary care,18–34,14,0,1,14,0,15.5,Completed
A01518,2025-04-01,Provider D,Primary care,50–64,2,0,1,11,0,12.5,Completed
A01614,2025-04-01,Provider A,Follow-up,18–34,3,2,1,14,0,9.5,Completed
A03422,2025-04-01,Provider D,Primary care,65+,28,0,0,11,0,10.7,Completed
A03467,2025-04-01,Provider C,Follow-up,35–49,15,0,1,8,0,6.8,Completed
A00768,2025-04-02,Provider D,Behavioral health,35–49,34,0,1,13,1,,No-show
A01291,2025-04-02,Provider D,Follow-up,65+,20,1,0,15,1,,No-show
A01314,2025-04-02,Provider A,Primary care,65+,2,0,0,10,0,12.6,Completed
A01887,2025-04-02,Provider C,Follow-up,50–64,19,1,1,9,0,19.8,Completed
A02017,2025-04-02,Provider D,Primary care,35–49,5,3,1,15,0,11.7,Completed
A02467,2025-04-02,Provider A,Follow-up,50–64,7,0,1,9,0,5.0,Completed
A02470,2025-04-02,Provider B,Primary care,65+,43,1,1,16,0,17.5,Completed
A02686,2025-04-02,Provider B,Primary care,18–34,21,0,0,11,0,6.1,Completed
A02791,2025-04-02,Provider B,Primary care,65+,14,1,1,16,0,20.9,Completed
A02988,2025-04-02,Provider A,Follow-up,50–64,18,0,0,10,0,10.0,Completed
A03212,2025-04-02,Provider D,Specialty,65+,33,2,1,10,0,17.7,Referred
A00096,2025-04-03,Provider A,Specialty,65+,17,1,1,13,0,16.2,Completed
A01119,2025-04-03,Provider A,Follow-up,35–49,1,0,1,16,1,,No-show
A01124,2025-04-03,Provider B,Behavioral health,35–49,29,1,1,8,0,12.8,Completed
A02769,2025-04-03,Provider A,Behavioral health,18–34,22,0,1,16,1,,No-show
A02839,2025-04-03,Provider C,Primary care,65+,44,1,1,13,0,19.9,Completed
A02880,2025-04-03,Provider C,Primary care,50–64,27,1,1,11,1,,No-show
A00201,2025-04-04,Provider A,Primary care,35–49,36,1,1,14,0,3.3,Completed
A00800,2025-04-04,Provider D,Specialty,50–64,39,0,1,14,0,9.3,Referred
A00953,2025-04-04,Provider B,Follow-up,35–49,16,0,0,14,1,,No-show
A01462,2025-04-04,Provider A,Specialty,18–34,35,0,0,10,0,7.0,Completed
A01872,2025-04-04,Provider A,Specialty,35–49,38,0,0,16,0,14.7,Completed
A02604,2025-04-04,Provider D,Behavioral health,65+,12,1,1,16,0,16.4,Completed
A02940,2025-04-04,Provider B,Follow-up,35–49,11,0,1,13,0,20.7,Completed
A03309,2025-04-04,Provider A,Primary care,35–49,30,0,1,16,0,15.1,Completed
A03341,2025-04-04,Provider D,Follow-up,18–34,4,0,1,13,0,14.9,Completed
A00986,2025-04-05,Provider A,Specialty,50–64,27,0,1,10,0,6.1,Completed
A01332,2025-04-05,Provider D,Behavioral health,35–49,6,1,1,16,0,12.3,Referred
A01814,2025-04-05,Provider D,Primary care,65+,11,1,1,11,0,1.0,Completed
A02129,2025-04-05,Provider A,Primary care,65+,38,2,1,11,0,10.7,Completed
A02398,2025-04-05,Provider D,Primary care,35–49,21,1,1,11,0,21.3,Completed
A02403,2025-04-05,Provider B,Follow-up,65+,16,1,1,13,0,12.2,Referred
A02745,2025-04-05,Provider D,Primary care,18–34,11,0,1,15,0,3.8,Completed
A02810,2025-04-05,Provider D,Follow-up,35–49,36,2,1,15,1,,No-show
A03371,2025-04-05,Provider B,Behavioral health,18–34,12,0,1,14,0,19.6,Completed
A01414,2025-04-06,Provider A,Follow-up,18–34,18,0,1,14,0,16.9,Completed
A01576,2025-04-06,Provider D,Primary care,35–49,25,2,1,8,0,5.1,Completed
A01648,2025-04-06,Provider A,Primary care,65+,12,0,0,9,0,3.6,Completed
A01856,2025-04-06,Provider D,Primary care,65+,2,0,1,11,0,4.2,Completed
A02173,2025-04-06,Provider D,Follow-up,65+,9,0,0,8,0,16.1,Completed
A02304,2025-04-06,Provider B,Primary care,50–64,26,0,0,16,0,16.4,Completed
A02685,2025-04-06,Provider B,Primary care,50–64,24,0,1,15,0,13.7,Completed
A03034,2025-04-06,Provider B,Behavioral health,35–49,17,0,1,9,0,9.4,Completed
A03177,2025-04-06,Provider D,Specialty,65+,26,1,1,10,0,17.0,Completed
A03456,2025-04-06,Provider B,Primary care,65+,36,2,0,10,0,8.3,Completed
A03581,2025-04-06,Provider D,Primary care,65+,39,1,0,14,1,,No-show
A00213,2025-04-07,Provider D,Specialty,35–49,31,0,1,16,1,,No-show
A00467,2025-04-07,Provider A,Follow-up,18–34,7,1,1,11,1,,No-show
A00514,2025-04-07,Provider B,Follow-up,50–64,16,0,1,11,0,15.3,Completed
A00894,2025-04-07,Provider C,Specialty,50–64,26,0,1,15,0,24.0,Completed
A02072,2025-04-07,Provider D,Primary care,65+,26,0,1,11,0,8.4,Completed
A02309,2025-04-07,Provider D,Behavioral health,65+,2,0,1,8,0,12.4,Completed
A02576,2025-04-07,Provider B,Primary care,18–34,18,0,1,16,0,18.6,Completed
A03244,2025-04-07,Provider C,Primary care,65+,38,0,0,8,0,24.6,Completed
A03258,2025-04-07,Provider B,Primary care,50–64,13,0,1,15,0,17.0,Completed
A00485,2025-04-08,Provider B,Specialty,18–34,19,0,1,9,0,8.4,Completed
A01027,2025-04-08,Provider D,Primary care,50–64,23,2,0,8,0,6.3,Completed
A01919,2025-04-08,Provider D,Primary care,50–64,11,0,1,16,0,5.1,Completed
A02164,2025-04-08,Provider C,Behavioral health,65+,9,1,1,15,1,,No-show
A02223,2025-04-08,Provider C,Primary care,65+,13,0,1,16,0,23.5,Completed
A02332,2025-04-08,Provider D,Follow-up,50–64,7,1,1,14,0,18.8,Completed
A02363,2025-04-08,Provider A,Specialty,18–34,16,0,1,15,0,13.8,Completed
A02918,2025-04-08,Provider C,Follow-up,50–64,27,1,1,9,0,29.4,Referred
A03039,2025-04-08,Provider B,Follow-up,50–64,29,1,1,11,0,12.0,Completed
A03582,2025-04-08,Provider D,Behavioral health,65+,41,0,1,11,0,9.8,Referred
A00243,2025-04-09,Provider A,Follow-up,18–34,6,0,1,8,0,8.8,Completed
A00464,2025-04-09,Provider B,Behavioral health,35–49,28,0,1,10,0,16.5,Completed
A00597,2025-04-09,Provider B,Follow-up,65+,30,0,1,9,0,3.1,Completed
A00954,2025-04-09,Provider C,Follow-up,35–49,5,0,1,16,0,29.5,Completed
A01625,2025-04-09,Provider C,Specialty,18–34,34,1,0,14,1,,No-show
A01669,2025-04-09,Provider A,Follow-up,50–64,42,0,1,10,0,5.0,Completed
A01917,2025-04-09,Provider C,Primary care,35–49,12,3,1,10,0,21.7,Completed
A03418,2025-04-09,Provider D,Follow-up,35–49,28,0,1,9,0,9.0,Completed
A00014,2025-04-10,Provider C,Primary care,65+,14,0,1,11,0,17.4,Completed
A00325,2025-04-10,Provider A,Follow-up,50–64,30,1,1,10,0,10.5,Referred
A00461,2025-04-10,Provider A,Primary care,35–49,21,0,0,14,0,14.5,Completed
A01381,2025-04-10,Provider A,Primary care,18–34,12,1,1,9,1,,No-show
A01939,2025-04-10,Provider A,Behavioral health,50–64,44,0,1,14,1,,No-show
A01980,2025-04-10,Provider A,Follow-up,35–49,3,3,0,10,0,19.9,Completed
A02746,2025-04-10,Provider B,Follow-up,50–64,28,0,1,16,0,18.3,Completed
A03024,2025-04-10,Provider D,Primary care,50–64,37,0,1,10,1,,No-show
A03121,2025-04-10,Provider A,Behavioral health,50–64,8,0,1,15,0,14.2,Completed
A03221,2025-04-10,Provider C,Primary care,18–34,39,1,0,16,0,24.6,Completed
A03451,2025-04-10,Provider A,Primary care,35–49,31,0,1,16,0,17.1,Completed
A03572,2025-04-10,Provider B,Primary care,18–34,14,0,1,13,0,8.4,Completed
A00262,2025-04-11,Provider D,Primary care,35–49,18,0,0,9,0,13.9,Completed
A00392,2025-04-11,Provider D,Primary care,50–64,37,1,1,10,0,6.1,Completed
A00584,2025-04-11,Provider D,Behavioral health,65+,9,0,0,15,0,10.6,Completed
A01183,2025-04-11,Provider B,Follow-up,65+,34,0,1,16,0,9.7,Completed
A01825,2025-04-11,Provider D,Behavioral health,35–49,15,0,1,11,0,6.2,Referred
A01894,2025-04-11,Provider A,Specialty,18–34,3,0,1,16,0,5.4,Completed
A01913,2025-04-11,Provider A,Primary care,35–49,24,2,0,14,0,13.5,Completed
A02021,2025-04-11,Provider D,Follow-up,18–34,34,0,0,16,0,12.3,Completed
A02386,2025-04-11,Provider D,Follow-up,18–34,29,1,0,10,1,,No-show
A03185,2025-04-11,Provider D,Primary care,50–64,44,0,1,9,0,6.4,Referred
A00304,2025-04-12,Provider C,Specialty,35–49,43,0,1,16,0,15.8,Completed
A01464,2025-04-12,Provider C,Follow-up,35–49,28,2,1,13,0,14.4,Completed
A01740,2025-04-12,Provider D,Specialty,18–34,20,0,1,14,0,9.8,Referred
A01855,2025-04-12,Provider A,Primary care,50–64,13,2,1,10,0,8.8,Completed
A02204,2025-04-12,Provider D,Behavioral health,50–64,32,1,1,8,1,,No-show
A02903,2025-04-12,Provider B,Behavioral health,65+,35,0,1,16,1,,No-show
A00010,2025-04-13,Provider D,Follow-up,18–34,30,0,0,10,1,,No-show
A00095,2025-04-13,Provider D,Follow-up,35–49,21,1,0,9,0,4.9,Completed
A00842,2025-04-13,Provider B,Behavioral health,35–49,23,0,1,10,0,7.7,Referred
A01025,2025-04-13,Provider B,Follow-up,50–64,19,0,0,16,0,17.0,Completed
A01450,2025-04-13,Provider A,Follow-up,65+,19,0,0,9,0,9.4,Referred
A01953,2025-04-13,Provider C,Behavioral health,65+,30,1,1,16,0,34.5,Completed
A02904,2025-04-13,Provider C,Behavioral health,35–49,13,0,1,13,0,19.6,Completed
A03095,2025-04-13,Provider D,Follow-up,18–34,45,0,1,13,0,17.1,Completed
A00169,2025-04-14,Provider A,Follow-up,65+,43,0,0,9,0,8.1,Completed
A00181,2025-04-14,Provider B,Primary care,65+,37,0,0,15,0,26.5,Completed
A00394,2025-04-14,Provider C,Follow-up,50–64,42,0,1,16,0,29.9,Completed
A00516,2025-04-14,Provider B,Behavioral health,65+,37,1,1,13,0,6.3,Completed
A00613,2025-04-14,Provider C,Follow-up,35–49,2,0,1,10,0,15.9,Completed
A00659,2025-04-14,Provider D,Primary care,50–64,11,0,1,15,1,,No-show
A00770,2025-04-14,Provider C,Behavioral health,65+,31,1,0,8,1,,No-show
A00835,2025-04-14,Provider C,Primary care,35–49,22,0,1,14,0,33.1,Completed
A01277,2025-04-14,Provider D,Follow-up,50–64,44,0,0,10,0,19.2,Completed
A02590,2025-04-14,Provider D,Specialty,65+,38,0,1,9,1,,No-show
A03224,2025-04-14,Provider A,Follow-up,35–49,13,0,1,11,0,12.0,Referred
A03485,2025-04-14,Provider A,Follow-up,18–34,5,1,0,9,0,7.9,Completed
A03495,2025-04-14,Provider B,Primary care,18–34,44,2,1,11,1,,No-show
A00242,2025-04-15,Provider A,Follow-up,18–34,21,2,1,9,0,6.8,Completed
A01674,2025-04-15,Provider A,Primary care,35–49,19,0,1,16,0,17.9,Completed
A01982,2025-04-15,Provider D,Behavioral health,35–49,8,2,1,16,1,,No-show
A02049,2025-04-15,Provider A,Primary care,18–34,18,0,1,8,0,14.0,Completed
A02765,2025-04-15,Provider A,Specialty,18–34,19,0,1,10,0,7.1,Completed
A02814,2025-04-15,Provider B,Follow-up,50–64,35,1,1,13,1,,No-show
A03466,2025-04-15,Provider C,Follow-up,18–34,37,0,1,15,0,19.1,Completed
A00091,2025-04-16,Provider A,Specialty,18–34,8,0,1,8,0,8.2,Completed
A00535,2025-04-16,Provider A,Behavioral health,18–34,13,0,1,10,0,10.5,Completed
A00672,2025-04-16,Provider D,Behavioral health,18–34,13,0,1,13,0,9.8,Completed
A00736,2025-04-16,Provider A,Primary care,50–64,9,1,1,14,0,9.2,Completed
A01342,2025-04-16,Provider A,Behavioral health,65+,7,1,1,11,0,11.7,Completed
A01501,2025-04-16,Provider C,Follow-up,18–34,7,0,1,10,0,33.1,Completed
A01691,2025-04-16,Provider D,Behavioral health,50–64,22,0,1,10,0,7.7,Completed
A01868,2025-04-16,Provider A,Specialty,50–64,31,2,0,14,1,,No-show
A01958,2025-04-16,Provider B,Primary care,18–34,43,0,1,13,0,16.0,Completed
A02818,2025-04-16,Provider C,Follow-up,18–34,24,0,1,8,0,20.1,Completed
A03211,2025-04-16,Provider B,Follow-up,50–64,19,3,1,14,0,19.4,Completed
A00377,2025-04-17,Provider C,Follow-up,18–34,27,0,1,10,0,19.5,Completed
A00432,2025-04-17,Provider B,Follow-up,65+,24,1,1,8,0,14.9,Completed
A00697,2025-04-17,Provider D,Follow-up,50–64,9,0,1,8,0,7.6,Completed
A00716,2025-04-17,Provider C,Behavioral health,65+,13,0,1,14,0,17.3,Completed
A00774,2025-04-17,Provider B,Follow-up,35–49,34,0,0,13,1,,No-show
A00915,2025-04-17,Provider A,Primary care,65+,26,1,1,15,1,,No-show
A01706,2025-04-17,Provider A,Primary care,35–49,33,0,1,16,0,24.2,Completed
A01729,2025-04-17,Provider B,Specialty,35–49,6,1,1,14,0,22.0,Referred
A02560,2025-04-17,Provider A,Behavioral health,65+,19,1,1,9,0,5.1,Completed
A02973,2025-04-17,Provider D,Specialty,50–64,4,0,0,14,0,14.5,Referred
A03454,2025-04-17,Provider C,Follow-up,50–64,9,2,1,16,0,18.0,Completed
A00614,2025-04-18,Provider C,Specialty,35–49,11,0,1,8,0,15.5,Completed
A00920,2025-04-18,Provider A,Behavioral health,50–64,14,2,1,14,0,20.5,Completed
A01300,2025-04-18,Provider C,Primary care,35–49,5,0,0,16,0,28.1,Completed
A01306,2025-04-18,Provider A,Follow-up,18–34,8,0,1,16,0,23.3,Completed
A01375,2025-04-18,Provider D,Behavioral health,50–64,39,0,1,9,0,10.1,Completed
A01548,2025-04-18,Provider D,Primary care,65+,44,0,1,11,0,6.6,Completed
A01999,2025-04-18,Provider D,Primary care,18–34,20,2,1,15,0,11.8,Completed
A02259,2025-04-18,Provider C,Behavioral health,35–49,37,0,1,14,1,,No-show
A02347,2025-04-18,Provider D,Follow-up,50–64,27,1,0,16,0,19.2,Completed
A02406,2025-04-18,Provider A,Follow-up,35–49,14,0,1,13,0,12.0,Completed
A02554,2025-04-18,Provider D,Behavioral health,18–34,17,3,0,14,0,20.5,Completed
A02733,2025-04-18,Provider D,Follow-up,65+,24,0,1,11,1,,No-show
A03165,2025-04-18,Provider D,Behavioral health,50–64,1,1,1,8,0,7.6,Referred
A03266,2025-04-18,Provider B,Behavioral health,65+,18,0,1,8,0,8.5,Completed
A00495,2025-04-19,Provider C,Follow-up,50–64,7,0,1,8,0,13.7,Completed
A00625,2025-04-19,Provider C,Primary care,50–64,40,1,1,10,1,,No-show
A01645,2025-04-19,Provider B,Primary care,65+,3,0,1,11,0,8.3,Completed
A01013,2025-04-20,Provider D,Primary care,18–34,5,1,1,11,0,14.9,Completed
A01069,2025-04-20,Provider B,Primary care,35–49,43,0,1,10,0,12.0,Completed
A01159,2025-04-20,Provider B,Specialty,18–34,38,1,1,10,1,,No-show
A01389,2025-04-20,Provider A,Follow-up,35–49,42,1,1,11,1,,No-show
A01616,2025-04-20,Provider D,Follow-up,35–49,43,0,0,8,0,4.1,Completed
A01996,2025-04-20,Provider A,Behavioral health,65+,7,1,1,11,0,7.2,Completed
A02484,2025-04-20,Provider B,Follow-up,35–49,18,0,1,14,0,18.9,Completed
A03343,2025-04-20,Provider C,Primary care,35–49,4,1,1,11,0,29.8,Referred
A03512,2025-04-20,Provider B,Follow-up,65+,12,0,1,10,0,18.1,Referred
A03559,2025-04-20,Provider D,Primary care,18–34,23,0,0,15,0,9.7,Completed
A03562,2025-04-20,Provider B,Specialty,18–34,42,0,0,10,0,16.3,Completed
A00019,2025-04-21,Provider C,Primary care,50–64,30,0,1,14,0,29.9,Referred
A00123,2025-04-21,Provider C,Follow-up,50–64,4,2,1,11,0,21.9,Completed
A00369,2025-04-21,Provider A,Follow-up,35–49,41,2,0,11,0,3.3,Completed
A00395,2025-04-21,Provider B,Specialty,50–64,24,0,1,13,0,2.5,Completed
A01271,2025-04-21,Provider C,Behavioral health,18–34,32,1,1,8,1,,No-show
A01912,2025-04-21,Provider A,Follow-up,18–34,22,1,0,11,0,10.1,Referred
A03196,2025-04-21,Provider C,Primary care,50–64,17,0,1,16,0,20.3,Completed
A03334,2025-04-21,Provider C,Follow-up,50–64,45,0,1,11,0,13.2,Completed
A00071,2025-04-22,Provider C,Specialty,50–64,18,0,1,10,0,21.7,Completed
A00127,2025-04-22,Provider A,Primary care,65+,37,1,0,9,0,10.3,Completed
A00620,2025-04-22,Provider C,Primary care,65+,20,0,0,13,0,23.9,Completed
A01029,2025-04-22,Provider B,Follow-up,35–49,37,0,1,11,0,15.7,Completed
A01206,2025-04-22,Provider B,Specialty,18–34,10,0,1,14,0,12.1,Completed
A01885,2025-04-22,Provider D,Behavioral health,35–49,1,0,0,16,0,20.3,Completed
A02092,2025-04-22,Provider D,Primary care,18–34,18,2,0,10,0,11.3,Completed
A02594,2025-04-22,Provider C,Specialty,35–49,27,0,0,9,0,15.8,Referred
A02664,2025-04-22,Provider A,Behavioral health,50–64,36,0,0,14,1,,No-show
A03114,2025-04-22,Provider B,Primary care,65+,14,0,1,16,0,12.2,Completed
A00015,2025-04-23,Provider C,Follow-up,65+,5,0,1,14,0,29.2,Completed
A00722,2025-04-23,Provider D,Primary care,18–34,23,0,1,9,0,7.3,Completed
A01026,2025-04-23,Provider A,Primary care,65+,20,1,1,10,0,16.5,Completed
A01607,2025-04-23,Provider B,Follow-up,65+,7,0,1,8,0,9.1,Referred
A02359,2025-04-23,Provider B,Follow-up,18–34,3,1,1,16,0,7.0,Completed
A02865,2025-04-23,Provider B,Follow-up,50–64,32,1,0,11,0,9.6,Completed
A03497,2025-04-23,Provider B,Follow-up,50–64,21,0,1,10,0,14.3,Completed
A03529,2025-04-23,Provider D,Primary care,65+,12,2,0,9,0,8.1,Completed
A00743,2025-04-24,Provider C,Primary care,50–64,13,0,0,10,0,15.2,Completed
A00890,2025-04-24,Provider C,Behavioral health,35–49,15,0,1,11,0,28.0,Completed
A00963,2025-04-24,Provider B,Follow-up,18–34,31,1,1,11,0,15.4,Completed
A01842,2025-04-24,Provider D,Follow-up,35–49,10,0,0,8,0,9.7,Completed
A01957,2025-04-24,Provider D,Behavioral health,18–34,16,0,1,10,0,3.1,Completed
A02262,2025-04-24,Provider A,Primary care,35–49,9,0,1,13,0,9.4,Completed
A03209,2025-04-24,Provider D,Behavioral health,18–34,25,0,1,11,0,16.5,Completed
A03570,2025-04-24,Provider C,Behavioral health,50–64,27,0,1,15,0,31.2,Completed
A00064,2025-04-25,Provider B,Specialty,18–34,17,0,1,14,0,12.3,Referred
A00528,2025-04-25,Provider D,Behavioral health,18–34,30,3,1,13,1,,No-show
A01038,2025-04-25,Provider D,Follow-up,50–64,25,1,1,10,0,5.8,Completed
A01107,2025-04-25,Provider D,Behavioral health,65+,31,0,1,16,0,23.1,Completed
A01233,2025-04-25,Provider C,Follow-up,35–49,32,0,1,10,0,18.8,Completed
A01745,2025-04-25,Provider D,Specialty,50–64,3,0,1,15,0,18.8,Completed
A01864,2025-04-25,Provider B,Primary care,50–64,38,1,1,10,0,9.7,Completed
A01878,2025-04-25,Provider D,Specialty,65+,16,0,1,11,0,17.5,Completed
A01928,2025-04-25,Provider B,Specialty,65+,43,0,1,9,0,18.8,Referred
A02190,2025-04-25,Provider D,Behavioral health,35–49,39,1,0,9,1,,No-show
A02390,2025-04-25,Provider C,Primary care,50–64,26,2,1,14,0,23.9,Completed
A02395,2025-04-25,Provider C,Follow-up,50–64,18,1,1,10,0,14.3,Completed
A02400,2025-04-25,Provider D,Follow-up,35–49,43,0,1,15,0,25.5,Completed
A02513,2025-04-25,Provider C,Follow-up,35–49,13,1,1,8,1,,No-show
A02606,2025-04-25,Provider D,Follow-up,18–34,24,0,1,11,0,6.1,Completed
A02840,2025-04-25,Provider D,Behavioral health,35–49,12,0,1,11,0,3.2,Completed
A03031,2025-04-25,Provider C,Follow-up,18–34,31,0,1,9,0,21.4,Completed
A03108,2025-04-25,Provider B,Primary care,50–64,4,1,1,10,1,,No-show
A03113,2025-04-25,Provider C,Primary care,35–49,29,0,1,8,0,20.8,Completed
A03551,2025-04-25,Provider A,Follow-up,18–34,30,0,1,8,0,11.0,Completed
A00602,2025-04-26,Provider C,Behavioral health,65+,10,1,0,8,1,,No-show
A00991,2025-04-26,Provider D,Specialty,50–64,29,0,1,9,0,5.9,Completed
A01157,2025-04-26,Provider B,Primary care,65+,39,0,1,16,1,,No-show
A01785,2025-04-26,Provider B,Specialty,65+,14,0,1,8,0,17.0,Completed
A02087,2025-04-26,Provider C,Specialty,18–34,21,0,0,16,0,30.4,Completed
A02120,2025-04-26,Provider A,Specialty,50–64,42,0,1,10,0,8.5,Completed
A02523,2025-04-26,Provider C,Follow-up,18–34,5,0,0,11,0,21.1,Completed
A03255,2025-04-26,Provider B,Follow-up,65+,4,0,0,8,0,7.6,Completed
A00631,2025-04-27,Provider B,Behavioral health,18–34,11,0,1,11,0,5.3,Completed
A00813,2025-04-27,Provider B,Specialty,50–64,37,0,1,16,1,,No-show
A00900,2025-04-27,Provider A,Primary care,18–34,15,0,1,15,0,17.7,Completed
A01218,2025-04-27,Provider B,Primary care,65+,43,0,1,13,0,15.0,Completed
A01236,2025-04-27,Provider C,Behavioral health,65+,25,0,0,15,0,26.2,Completed
A01549,2025-04-27,Provider D,Primary care,65+,18,1,0,9,0,3.3,Completed
A01997,2025-04-27,Provider C,Behavioral health,65+,33,3,1,9,1,,No-show
A02157,2025-04-27,Provider A,Specialty,35–49,29,0,1,16,0,17.2,Referred
A02694,2025-04-27,Provider D,Specialty,65+,38,0,1,14,0,8.4,Completed
A03048,2025-04-27,Provider D,Follow-up,18–34,13,0,0,16,0,19.8,Completed
A03588,2025-04-27,Provider D,Primary care,65+,35,0,0,14,0,21.4,Completed
A03594,2025-04-27,Provider D,Behavioral health,18–34,43,0,0,11,0,13.1,Referred
A00311,2025-04-28,Provider B,Primary care,35–49,33,1,0,8,0,10.1,Completed
A00346,2025-04-28,Provider A,Behavioral health,50–64,34,0,1,14,0,11.8,Completed
A00773,2025-04-28,Provider C,Primary care,35–49,29,0,0,9,0,16.5,Completed
A00926,2025-04-28,Provider B,Follow-up,35–49,19,0,0,10,0,17.2,Completed
A01050,2025-04-28,Provider A,Behavioral health,65+,30,0,0,15,1,,No-show
A01829,2025-04-28,Provider D,Primary care,35–49,3,0,0,13,0,9.0,Referred
A02500,2025-04-28,Provider D,Behavioral health,35–49,24,0,1,8,0,8.7,Completed
A02544,2025-04-28,Provider A,Follow-up,65+,27,0,1,16,0,22.3,Completed
A03312,2025-04-28,Provider C,Follow-up,50–64,1,1,1,10,0,24.4,Completed
A03492,2025-04-28,Provider C,Follow-up,18–34,17,1,1,14,0,23.9,Completed
A01554,2025-04-29,Provider A,Primary care,18–34,32,0,1,15,0,16.6,Completed
A01834,2025-04-29,Provider B,Primary care,35–49,35,0,1,11,0,17.4,Completed
A01924,2025-04-29,Provider B,Behavioral health,65+,19,0,1,9,0,9.0,Completed
A02772,2025-04-29,Provider C,Behavioral health,50–64,40,0,1,10,0,24.5,Completed
A03128,2025-04-29,Provider B,Behavioral health,65+,11,0,0,14,0,8.6,Completed
A03154,2025-04-29,Provider D,Follow-up,35–49,6,1,1,14,0,14.7,Completed
A00644,2025-04-30,Provider D,Follow-up,18–34,39,0,1,13,0,5.3,Completed
A00668,2025-04-30,Provider B,Primary care,18–34,7,0,1,10,0,5.9,Completed
A01056,2025-04-30,Provider A,Primary care,35–49,36,0,1,11,0,13.4,Completed
A01475,2025-04-30,Provider C,Primary care,35–49,27,0,1,10,0,15.9,Completed
A01636,2025-04-30,Provider A,Behavioral health,65+,38,0,1,8,1,,No-show
A01726,2025-04-30,Provider B,Follow-up,18–34,41,2,0,13,1,,No-show
A02274,2025-04-30,Provider C,Follow-up,35–49,13,1,1,15,0,26.2,Referred
A03002,2025-04-30,Provider A,Follow-up,18–34,45,3,0,11,1,,No-show
A03365,2025-04-30,Provider C,Follow-up,50–64,15,0,1,10,0,28.4,Completed
A00407,2025-05-01,Provider B,Primary care,18–34,24,0,1,8,0,8.0,Completed
A00621,2025-05-01,Provider B,Specialty,65+,44,0,1,13,0,4.0,Completed
A01133,2025-05-01,Provider C,Behavioral health,50–64,34,0,1,13,0,4.0,Completed
A01320,2025-05-01,Provider A,Primary care,65+,33,0,1,10,0,1.2,Completed
A01527,2025-05-01,Provider B,Follow-up,50–64,21,0,1,15,0,15.1,Completed
A02162,2025-05-01,Provider D,Follow-up,18–34,41,0,1,15,0,15.6,Completed
A02299,2025-05-01,Provider C,Follow-up,18–34,34,0,0,10,0,15.9,Completed
A02351,2025-05-01,Provider B,Follow-up,18–34,27,1,0,9,0,11.2,Completed
A02437,2025-05-01,Provider D,Primary care,65+,31,0,1,14,0,22.0,Completed
A02894,2025-05-01,Provider A,Follow-up,65+,19,0,1,11,0,6.1,Completed
A03573,2025-05-01,Provider A,Specialty,50–64,34,1,0,13,0,9.2,Referred
A00092,2025-05-02,Provider A,Primary care,50–64,15,0,1,15,0,16.4,Referred
A00365,2025-05-02,Provider A,Follow-up,35–49,12,2,0,10,0,13.6,Referred
A00705,2025-05-02,Provider B,Behavioral health,18–34,23,1,1,14,0,18.0,Completed
A00810,2025-05-02,Provider C,Primary care,18–34,33,1,1,8,0,34.0,Completed
A00820,2025-05-02,Provider D,Primary care,50–64,5,0,1,8,0,7.8,Completed
A01692,2025-05-02,Provider A,Primary care,35–49,43,0,1,16,0,9.5,Completed
A01714,2025-05-02,Provider B,Primary care,50–64,23,0,1,10,0,12.2,Completed
A01801,2025-05-02,Provider C,Behavioral health,65+,12,0,1,8,0,29.1,Completed
A02266,2025-05-02,Provider D,Follow-up,18–34,11,1,1,9,0,7.3,Completed
A02318,2025-05-02,Provider A,Follow-up,50–64,22,3,1,13,0,10.7,Referred
A02811,2025-05-02,Provider D,Follow-up,65+,21,0,1,16,0,7.6,Completed
A02868,2025-05-02,Provider A,Behavioral health,35–49,29,3,1,14,1,,No-show
A03294,2025-05-02,Provider D,Specialty,50–64,10,2,1,11,0,12.6,Completed
A00023,2025-05-03,Provider C,Behavioral health,18–34,40,1,1,8,1,,No-show
A00479,2025-05-03,Provider D,Specialty,18–34,34,0,1,14,0,23.3,Completed
A00540,2025-05-03,Provider C,Follow-up,65+,19,0,1,9,0,21.7,Completed
A01361,2025-05-03,Provider C,Follow-up,65+,41,0,1,16,0,29.8,Completed
A02065,2025-05-03,Provider C,Specialty,18–34,31,1,1,16,1,,No-show
A02510,2025-05-03,Provider A,Specialty,50–64,23,0,1,8,0,13.1,Completed
A02542,2025-05-03,Provider A,Follow-up,50–64,19,2,0,10,1,,No-show
A02561,2025-05-03,Provider A,Follow-up,18–34,41,0,1,14,0,10.4,Completed
A02596,2025-05-03,Provider B,Follow-up,35–49,20,0,1,8,0,13.6,Completed
A00141,2025-05-04,Provider C,Follow-up,35–49,16,0,0,9,0,16.6,Completed
A00197,2025-05-04,Provider C,Behavioral health,35–49,11,0,1,9,0,19.1,Completed
A00557,2025-05-04,Provider D,Specialty,65+,17,1,1,14,0,19.0,Referred
A00950,2025-05-04,Provider C,Follow-up,35–49,32,0,1,13,0,18.5,Referred
A00990,2025-05-04,Provider A,Primary care,50–64,38,0,1,9,0,9.0,Completed
A01019,2025-05-04,Provider B,Specialty,18–34,15,0,1,13,0,18.5,Completed
A02005,2025-05-04,Provider B,Follow-up,18–34,4,0,1,15,0,5.6,Referred
A02015,2025-05-04,Provider D,Follow-up,50–64,5,0,0,9,0,5.6,Completed
A02426,2025-05-04,Provider C,Follow-up,65+,31,0,1,13,0,24.3,Completed
A02837,2025-05-04,Provider A,Follow-up,35–49,13,0,1,11,0,14.8,Completed
A03598,2025-05-04,Provider D,Follow-up,65+,43,0,1,9,0,7.0,Completed
A00567,2025-05-05,Provider D,Follow-up,35–49,35,0,1,16,0,16.8,Completed
A01145,2025-05-05,Provider C,Primary care,18–34,13,1,1,13,0,26.0,Completed
A01299,2025-05-05,Provider C,Specialty,50–64,10,0,1,15,1,,No-show
A01395,2025-05-05,Provider D,Specialty,35–49,36,0,1,10,0,7.8,Referred
A01413,2025-05-05,Provider B,Follow-up,65+,35,1,1,8,0,5.1,Completed
A01419,2025-05-05,Provider B,Follow-up,18–34,27,0,1,11,0,6.0,Completed
A01515,2025-05-05,Provider C,Follow-up,35–49,24,0,1,15,0,19.5,Completed
A02776,2025-05-05,Provider C,Follow-up,18–34,28,0,0,16,0,29.7,Completed
A02957,2025-05-05,Provider A,Primary care,35–49,23,0,1,15,0,13.3,Referred
A03412,2025-05-05,Provider D,Specialty,50–64,29,0,1,15,0,17.1,Completed
A00670,2025-05-06,Provider B,Follow-up,35–49,34,0,1,11,1,,No-show
A01024,2025-05-06,Provider C,Specialty,65+,27,0,1,11,0,20.4,Completed
A02061,2025-05-06,Provider D,Specialty,18–34,22,2,1,15,0,24.4,Completed
A02960,2025-05-06,Provider B,Primary care,65+,13,0,0,8,0,5.8,Referred
A03139,2025-05-06,Provider C,Follow-up,65+,33,0,0,15,0,24.3,Completed
A03173,2025-05-06,Provider B,Behavioral health,35–49,38,0,1,10,1,,No-show
A03229,2025-05-06,Provider B,Follow-up,50–64,35,0,1,10,1,,No-show
A00446,2025-05-07,Provider B,Follow-up,18–34,13,0,1,8,0,1.1,Completed
A00944,2025-05-07,Provider C,Primary care,50–64,13,0,1,15,0,30.4,Completed
A01256,2025-05-07,Provider D,Follow-up,18–34,24,0,1,10,1,,No-show
A01824,2025-05-07,Provider A,Specialty,65+,16,0,1,13,0,4.9,Completed
A01880,2025-05-07,Provider B,Behavioral health,18–34,31,0,0,9,0,6.2,Referred
A03378,2025-05-07,Provider A,Primary care,50–64,15,2,0,14,0,16.4,Completed
A00147,2025-05-08,Provider C,Behavioral health,35–49,34,0,1,10,0,23.2,Completed
A01103,2025-05-08,Provider D,Follow-up,50–64,34,0,1,8,1,,No-show
A01340,2025-05-08,Provider C,Follow-up,50–64,2,1,0,15,0,28.2,Completed
A01531,2025-05-08,Provider B,Behavioral health,35–49,45,0,1,9,0,1.4,Completed
A01570,2025-05-08,Provider D,Specialty,50–64,7,2,0,14,0,15.9,Completed
A01665,2025-05-08,Provider C,Primary care,35–49,44,0,1,9,0,20.5,Completed
A02333,2025-05-08,Provider D,Follow-up,50–64,17,1,1,16,0,12.1,Completed
A02703,2025-05-08,Provider A,Primary care,18–34,30,0,0,8,1,,No-show
A03241,2025-05-08,Provider B,Primary care,50–64,37,0,1,16,0,21.9,Completed
A03423,2025-05-08,Provider C,Primary care,65+,24,0,0,15,0,25.4,Completed
A00264,2025-05-09,Provider C,Primary care,65+,44,1,0,13,1,,No-show
A00439,2025-05-09,Provider A,Primary care,50–64,13,0,1,16,0,15.9,Completed
A00799,2025-05-09,Provider D,Follow-up,50–64,28,0,1,14,1,,No-show
A01141,2025-05-09,Provider C,Follow-up,18–34,12,0,1,13,0,27.9,Completed
A02226,2025-05-09,Provider B,Specialty,18–34,13,0,0,8,0,9.9,Completed
A02399,2025-05-09,Provider B,Primary care,50–64,14,0,1,14,0,15.4,Completed
A02784,2025-05-09,Provider B,Behavioral health,65+,18,0,0,9,0,14.9,Referred
A02897,2025-05-09,Provider D,Primary care,50–64,24,0,1,13,0,13.3,Completed
A03025,2025-05-09,Provider D,Follow-up,18–34,34,0,1,9,0,10.3,Completed
A03333,2025-05-09,Provider A,Follow-up,35–49,3,0,0,10,0,6.4,Completed
A00175,2025-05-10,Provider A,Primary care,35–49,7,0,0,9,0,12.6,Completed
A00313,2025-05-10,Provider A,Primary care,18–34,16,0,1,8,0,12.7,Completed
A01216,2025-05-10,Provider B,Behavioral health,18–34,22,1,1,13,1,,No-show
A02325,2025-05-10,Provider C,Primary care,50–64,12,0,1,14,0,23.7,Completed
A02414,2025-05-10,Provider C,Follow-up,65+,29,1,1,13,0,26.5,Completed
A02446,2025-05-10,Provider B,Specialty,50–64,31,0,1,14,0,15.4,Referred
A02567,2025-05-10,Provider D,Follow-up,65+,6,0,1,10,0,11.2,Referred
A03227,2025-05-10,Provider B,Behavioral health,35–49,38,0,0,16,0,10.9,Completed
A00646,2025-05-11,Provider A,Follow-up,65+,13,0,1,13,0,13.0,Completed
A00727,2025-05-11,Provider D,Behavioral health,50–64,4,0,1,8,0,8.6,Completed
A00885,2025-05-11,Provider C,Follow-up,50–64,22,1,1,14,0,27.1,Referred
A01794,2025-05-11,Provider A,Primary care,65+,13,0,0,10,0,9.1,Referred
A01874,2025-05-11,Provider B,Follow-up,35–49,34,0,1,15,0,7.1,Completed
A02123,2025-05-11,Provider B,Follow-up,65+,13,0,1,10,0,9.2,Referred
A02640,2025-05-11,Provider A,Primary care,18–34,40,1,1,13,0,11.7,Completed
A03142,2025-05-11,Provider A,Specialty,50–64,31,1,0,15,0,13.2,Completed
A03161,2025-05-11,Provider A,Primary care,18–34,15,2,1,15,0,15.4,Completed
A00541,2025-05-12,Provider C,Specialty,18–34,41,2,1,9,1,,No-show
A01104,2025-05-12,Provider D,Primary care,65+,2,0,1,13,0,6.0,Completed
A01175,2025-05-12,Provider D,Primary care,35–49,19,0,1,15,0,16.2,Completed
A01230,2025-05-12,Provider D,Primary care,35–49,15,1,1,8,0,12.4,Completed
A01260,2025-05-12,Provider D,Follow-up,35–49,34,0,1,15,0,9.9,Completed
A01561,2025-05-12,Provider C,Primary care,35–49,22,0,1,10,0,19.8,Referred
A02203,2025-05-12,Provider D,Follow-up,50–64,45,0,1,10,1,,No-show
A02218,2025-05-12,Provider D,Follow-up,50–64,4,0,0,14,0,4.2,Completed
A02438,2025-05-12,Provider C,Primary care,50–64,44,0,1,15,0,26.5,Completed
A02521,2025-05-12,Provider C,Specialty,65+,23,0,1,11,0,14.9,Completed
A02913,2025-05-12,Provider C,Behavioral health,18–34,43,0,0,10,0,21.9,Completed
A03005,2025-05-12,Provider D,Follow-up,50–64,33,0,1,16,0,13.2,Referred
A03058,2025-05-12,Provider D,Behavioral health,50–64,21,1,1,16,0,13.3,Completed
A03124,2025-05-12,Provider A,Follow-up,65+,14,0,1,11,1,,No-show
A03174,2025-05-12,Provider B,Primary care,65+,37,0,0,10,0,11.9,Completed
A03327,2025-05-12,Provider C,Follow-up,18–34,27,2,0,11,0,16.5,Referred
A00133,2025-05-13,Provider B,Primary care,35–49,30,1,1,15,0,17.3,Completed
A00966,2025-05-13,Provider C,Primary care,65+,42,0,1,11,0,10.3,Referred
A01335,2025-05-13,Provider D,Primary care,65+,43,2,1,9,1,,No-show
A01822,2025-05-13,Provider B,Primary care,65+,33,2,1,15,0,25.7,Completed
A02453,2025-05-13,Provider B,Primary care,35–49,2,1,1,11,1,,No-show
A02469,2025-05-13,Provider D,Follow-up,18–34,23,0,1,11,0,14.6,Referred
A02623,2025-05-13,Provider A,Follow-up,18–34,2,0,1,10,0,17.8,Completed
A02750,2025-05-13,Provider D,Behavioral health,65+,36,0,1,11,1,,No-show
A02788,2025-05-13,Provider C,Primary care,50–64,3,1,1,11,0,20.2,Completed
A02832,2025-05-13,Provider D,Primary care,35–49,28,0,1,9,0,19.4,Completed
A03149,2025-05-13,Provider C,Primary care,35–49,45,0,1,14,0,22.9,Referred
A00189,2025-05-14,Provider B,Follow-up,35–49,2,3,1,15,0,12.9,Completed
A00288,2025-05-14,Provider D,Primary care,65+,12,0,1,15,0,15.8,Completed
A00386,2025-05-14,Provider C,Behavioral health,18–34,43,0,1,15,1,,No-show
A02166,2025-05-14,Provider B,Follow-up,50–64,27,1,1,13,0,12.8,Completed
A03041,2025-05-14,Provider D,Follow-up,50–64,25,0,1,10,0,11.8,Referred
A03219,2025-05-14,Provider B,Primary care,50–64,11,1,1,16,0,18.2,Completed
A03306,2025-05-14,Provider A,Follow-up,18–34,4,2,1,11,0,13.7,Completed
A03462,2025-05-14,Provider C,Primary care,65+,12,1,1,14,0,32.1,Completed
A03523,2025-05-14,Provider C,Behavioral health,35–49,31,0,1,11,0,14.1,Completed
A00157,2025-05-15,Provider B,Primary care,50–64,4,0,1,11,0,14.0,Completed
A00272,2025-05-15,Provider C,Behavioral health,35–49,12,0,1,14,0,23.9,Completed
A01059,2025-05-15,Provider A,Primary care,35–49,5,0,0,13,0,10.0,Completed
A01205,2025-05-15,Provider A,Follow-up,35–49,43,0,1,16,0,16.6,Completed
A01443,2025-05-15,Provider A,Primary care,18–34,15,0,0,10,0,14.0,Completed
A02001,2025-05-15,Provider C,Behavioral health,35–49,4,0,1,8,0,14.0,Completed
A03223,2025-05-15,Provider D,Specialty,50–64,24,0,0,11,0,9.2,Completed
A03400,2025-05-15,Provider A,Primary care,35–49,2,2,1,9,0,10.2,Completed
A01263,2025-05-16,Provider B,Behavioral health,65+,26,1,1,8,0,10.5,Completed
A01315,2025-05-16,Provider C,Primary care,18–34,9,2,0,10,0,13.4,Completed
A01672,2025-05-16,Provider C,Follow-up,65+,29,1,1,15,0,31.2,Completed
A02102,2025-05-16,Provider A,Specialty,18–34,44,0,0,13,0,14.3,Completed
A02391,2025-05-16,Provider A,Behavioral health,35–49,33,0,1,16,0,18.9,Completed
A02593,2025-05-16,Provider C,Follow-up,35–49,14,0,1,11,0,21.4,Completed
A02721,2025-05-16,Provider B,Primary care,18–34,33,0,1,9,1,,No-show
A03150,2025-05-16,Provider C,Behavioral health,35–49,27,2,1,10,0,22.9,Completed
A03421,2025-05-16,Provider C,Primary care,18–34,5,0,1,8,0,22.8,Completed
A00078,2025-05-17,Provider D,Primary care,65+,31,1,0,8,0,13.6,Completed
A00595,2025-05-17,Provider C,Follow-up,50–64,27,0,1,16,0,24.9,Completed
A00826,2025-05-17,Provider C,Follow-up,65+,27,0,1,13,0,16.7,Completed
A00880,2025-05-17,Provider D,Follow-up,35–49,22,1,1,8,0,12.2,Completed
A02412,2025-05-17,Provider D,Follow-up,65+,14,1,1,15,0,15.1,Completed
A02448,2025-05-17,Provider B,Behavioral health,65+,7,1,1,11,0,10.3,Referred
A02797,2025-05-17,Provider B,Primary care,35–49,33,0,1,10,1,,No-show
A03094,2025-05-17,Provider B,Follow-up,35–49,42,1,0,13,0,10.1,Completed
A00684,2025-05-18,Provider D,Primary care,35–49,20,0,0,9,0,5.1,Completed
A00708,2025-05-18,Provider A,Behavioral health,18–34,41,2,1,14,0,27.9,Completed
A01344,2025-05-18,Provider B,Specialty,50–64,41,0,1,9,0,1.9,Completed
A01526,2025-05-18,Provider A,Primary care,35–49,25,1,1,9,0,14.1,Completed
A01663,2025-05-18,Provider C,Follow-up,18–34,25,2,1,16,0,19.3,Completed
A02551,2025-05-18,Provider A,Primary care,18–34,40,2,0,16,1,,No-show
A02689,2025-05-18,Provider D,Follow-up,35–49,29,1,1,16,0,14.0,Completed
A00196,2025-05-19,Provider B,Follow-up,50–64,45,0,1,16,0,11.5,Completed
A02808,2025-05-19,Provider B,Behavioral health,18–34,27,0,1,13,0,10.5,Completed
A03293,2025-05-19,Provider B,Follow-up,18–34,38,0,1,15,0,22.3,Completed
A00854,2025-05-20,Provider A,Primary care,35–49,25,3,0,15,0,24.4,Completed
A00866,2025-05-20,Provider C,Behavioral health,35–49,1,2,0,9,0,23.8,Completed
A01508,2025-05-20,Provider C,Follow-up,18–34,17,0,0,9,1,,No-show
A02481,2025-05-20,Provider B,Specialty,35–49,12,0,1,16,0,17.1,Completed
A02768,2025-05-20,Provider C,Specialty,18–34,24,0,0,13,0,10.2,Completed
A02820,2025-05-20,Provider C,Primary care,65+,43,0,0,13,0,21.0,Completed
A03090,2025-05-20,Provider A,Primary care,35–49,10,0,1,10,0,11.3,Completed
A03134,2025-05-20,Provider A,Primary care,50–64,41,0,1,10,1,,No-show
A03493,2025-05-20,Provider C,Primary care,50–64,22,1,1,15,0,25.4,Completed
A03516,2025-05-20,Provider C,Primary care,18–34,32,0,1,11,0,17.8,Referred
A00352,2025-05-21,Provider C,Behavioral health,65+,30,2,1,11,0,14.8,Completed
A00969,2025-05-21,Provider C,Primary care,50–64,23,0,0,13,0,30.8,Referred
A02055,2025-05-21,Provider D,Specialty,50–64,7,0,1,16,0,7.8,Completed
A02855,2025-05-21,Provider A,Behavioral health,65+,21,0,1,10,0,8.2,Completed
A03070,2025-05-21,Provider B,Primary care,18–34,45,0,1,15,1,,No-show
A00085,2025-05-22,Provider A,Primary care,18–34,41,0,1,16,0,11.4,Completed
A00713,2025-05-22,Provider B,Primary care,65+,34,0,0,15,0,10.8,Completed
A00976,2025-05-22,Provider C,Follow-up,18–34,17,0,1,11,0,19.0,Completed
A01685,2025-05-22,Provider D,Primary care,50–64,16,0,1,16,0,23.5,Completed
A02019,2025-05-22,Provider D,Follow-up,50–64,30,0,1,10,0,0.0,Referred
A03273,2025-05-22,Provider A,Follow-up,65+,15,0,1,15,0,20.9,Completed
A03537,2025-05-22,Provider D,Specialty,18–34,19,2,0,10,1,,No-show
A00521,2025-05-23,Provider C,Primary care,65+,35,0,1,16,0,24.4,Completed
A00833,2025-05-23,Provider D,Specialty,35–49,38,1,1,10,0,14.1,Completed
A00875,2025-05-23,Provider D,Specialty,65+,28,2,1,9,0,2.5,Completed
A00992,2025-05-23,Provider B,Behavioral health,18–34,31,1,0,16,1,,No-show
A01198,2025-05-23,Provider C,Follow-up,18–34,17,0,1,13,0,28.4,Completed
A01528,2025-05-23,Provider B,Behavioral health,35–49,43,0,1,10,0,10.5,Completed
A01731,2025-05-23,Provider D,Primary care,50–64,13,0,0,9,0,9.2,Completed
A02850,2025-05-23,Provider C,Specialty,35–49,17,0,1,14,0,26.8,Completed
A03117,2025-05-23,Provider C,Behavioral health,65+,41,0,1,11,0,24.4,Completed
A03383,2025-05-23,Provider B,Behavioral health,50–64,21,0,1,13,0,11.7,Completed
A03480,2025-05-23,Provider A,Follow-up,50–64,27,0,1,15,0,13.0,Completed
A00188,2025-05-24,Provider B,Primary care,35–49,6,0,1,15,0,16.1,Referred
A00761,2025-05-24,Provider C,Primary care,35–49,30,1,1,14,0,25.9,Completed
A01100,2025-05-24,Provider A,Follow-up,65+,42,1,0,10,0,0.0,Completed
A01666,2025-05-24,Provider C,Primary care,18–34,10,0,1,10,0,10.4,Completed
A01671,2025-05-24,Provider B,Follow-up,35–49,18,1,1,15,0,14.5,Completed
A01849,2025-05-24,Provider D,Primary care,65+,32,1,1,15,0,15.3,Completed
A01876,2025-05-24,Provider A,Follow-up,65+,36,1,0,14,1,,No-show
A02679,2025-05-24,Provider A,Specialty,50–64,26,0,1,11,0,5.1,Completed
A02879,2025-05-24,Provider D,Specialty,35–49,44,0,1,8,0,6.1,Completed
A03138,2025-05-24,Provider A,Follow-up,50–64,15,3,1,16,0,24.6,Completed
A03218,2025-05-24,Provider C,Primary care,18–34,28,2,1,15,0,29.1,Completed
A00104,2025-05-25,Provider C,Primary care,18–34,9,1,0,9,0,10.7,Completed
A00291,2025-05-25,Provider A,Primary care,50–64,18,0,0,13,0,4.1,Completed
A01313,2025-05-25,Provider C,Behavioral health,65+,39,0,1,11,0,27.1,Completed
A01676,2025-05-25,Provider A,Behavioral health,50–64,20,1,1,10,0,7.3,Completed
A02630,2025-05-25,Provider B,Behavioral health,35–49,22,0,1,13,0,10.5,Completed
A02906,2025-05-25,Provider D,Follow-up,50–64,33,0,1,16,0,15.3,Referred
A03179,2025-05-25,Provider C,Primary care,18–34,37,1,0,10,1,,No-show
A00130,2025-05-26,Provider D,Specialty,65+,28,0,0,15,0,19.9,Completed
A00267,2025-05-26,Provider D,Specialty,35–49,12,0,1,9,0,7.4,Completed
A00579,2025-05-26,Provider D,Specialty,18–34,8,1,1,10,0,10.8,Completed
A00589,2025-05-26,Provider A,Behavioral health,50–64,42,0,1,14,0,15.8,Completed
A01098,2025-05-26,Provider B,Specialty,18–34,26,0,1,16,0,9.2,Completed
A01136,2025-05-26,Provider B,Follow-up,50–64,23,0,1,9,0,1.0,Completed
A01407,2025-05-26,Provider B,Follow-up,65+,18,1,1,9,0,12.7,Completed
A02235,2025-05-26,Provider B,Follow-up,65+,12,2,1,9,0,5.7,Completed
A02247,2025-05-26,Provider D,Follow-up,50–64,13,0,1,13,0,13.6,Completed
A02300,2025-05-26,Provider A,Primary care,65+,24,0,1,14,0,16.2,Completed
A02327,2025-05-26,Provider C,Primary care,50–64,32,1,0,15,0,21.5,Referred
A03368,2025-05-26,Provider B,Primary care,35–49,2,0,0,14,0,16.7,Completed
A03525,2025-05-26,Provider C,Specialty,35–49,8,1,0,10,0,20.3,Completed
A00135,2025-05-27,Provider C,Specialty,50–64,14,0,1,16,0,25.6,Completed
A01033,2025-05-27,Provider C,Primary care,50–64,13,0,0,13,0,17.5,Completed
A01072,2025-05-27,Provider A,Specialty,65+,33,2,1,14,1,,No-show
A01115,2025-05-27,Provider D,Specialty,35–49,6,0,0,11,0,4.4,Completed
A01209,2025-05-27,Provider B,Primary care,18–34,34,0,1,15,1,,No-show
A01237,2025-05-27,Provider C,Primary care,50–64,38,0,1,16,1,,No-show
A01246,2025-05-27,Provider A,Primary care,35–49,15,1,1,15,1,,No-show
A01657,2025-05-27,Provider D,Primary care,65+,44,0,1,14,0,11.3,Completed
A02024,2025-05-27,Provider D,Behavioral health,50–64,20,0,1,8,0,3.9,Completed
A02254,2025-05-27,Provider A,Primary care,65+,44,2,1,13,0,7.7,Completed
A03522,2025-05-27,Provider C,Primary care,18–34,18,0,1,14,0,30.4,Completed
A01018,2025-05-28,Provider B,Follow-up,50–64,19,0,1,9,0,12.1,Completed
A01032,2025-05-28,Provider A,Primary care,18–34,42,0,1,16,0,12.8,Completed
A01055,2025-05-28,Provider D,Primary care,50–64,8,1,1,8,1,,No-show
A01735,2025-05-28,Provider C,Follow-up,18–34,45,1,1,15,0,21.9,Referred
A02095,2025-05-28,Provider A,Primary care,18–34,3,0,1,14,0,13.7,Completed
A02461,2025-05-28,Provider D,Follow-up,50–64,7,0,1,10,0,14.9,Completed
A02583,2025-05-28,Provider D,Follow-up,35–49,5,0,1,11,0,13.6,Completed
A03184,2025-05-28,Provider A,Specialty,65+,9,0,1,15,0,18.1,Completed
A00177,2025-05-29,Provider B,Specialty,35–49,39,1,1,11,0,10.9,Completed
A00817,2025-05-29,Provider D,Follow-up,35–49,17,0,1,11,0,13.1,Completed
A01374,2025-05-29,Provider C,Behavioral health,65+,4,1,1,10,0,17.3,Completed
A01719,2025-05-29,Provider B,Specialty,18–34,6,1,1,16,0,6.2,Referred
A02182,2025-05-29,Provider B,Behavioral health,65+,6,0,1,13,0,9.8,Completed
A02833,2025-05-29,Provider D,Follow-up,65+,6,0,1,11,0,6.1,Completed
A00156,2025-05-30,Provider C,Specialty,50–64,18,0,1,16,0,26.5,Completed
A00422,2025-05-30,Provider A,Specialty,50–64,42,0,1,10,0,3.8,Completed
A00582,2025-05-30,Provider A,Behavioral health,35–49,31,0,0,14,1,,No-show
A01189,2025-05-30,Provider A,Follow-up,65+,37,1,1,14,0,1.9,Completed
A02214,2025-05-30,Provider D,Primary care,35–49,38,0,0,13,0,12.7,Completed
A00143,2025-05-31,Provider A,Primary care,35–49,30,0,1,15,0,20.2,Completed
A00470,2025-05-31,Provider A,Specialty,65+,1,0,1,13,0,2.6,Referred
A01608,2025-05-31,Provider C,Behavioral health,35–49,41,1,1,14,0,28.1,Completed
A01754,2025-05-31,Provider C,Specialty,18–34,26,0,0,16,0,17.0,Completed
A02071,2025-05-31,Provider A,Follow-up,18–34,32,0,0,8,0,17.8,Completed
A02077,2025-05-31,Provider B,Behavioral health,50–64,31,0,0,13,1,,No-show
A02225,2025-05-31,Provider B,Follow-up,18–34,45,1,1,8,0,16.8,Referred
A02520,2025-05-31,Provider D,Specialty,65+,25,0,1,9,0,2.3,Referred
A02548,2025-05-31,Provider A,Behavioral health,50–64,29,2,1,8,0,15.9,Completed
A02695,2025-05-31,Provider A,Primary care,35–49,13,0,0,10,0,8.7,Completed
A02815,2025-05-31,Provider A,Primary care,18–34,42,0,1,8,0,10.2,Referred
A02958,2025-05-31,Provider A,Primary care,35–49,25,0,1,16,0,17.9,Completed
A00199,2025-06-01,Provider B,Primary care,18–34,8,0,1,9,0,8.1,Completed
A00255,2025-06-01,Provider C,Specialty,65+,22,0,1,10,0,24.8,Completed
A00367,2025-06-01,Provider A,Primary care,35–49,39,0,1,15,1,,No-show
A00548,2025-06-01,Provider A,Follow-up,50–64,33,1,1,16,0,8.0,Completed
A00616,2025-06-01,Provider D,Follow-up,50–64,16,0,0,8,0,10.7,Completed
A01500,2025-06-01,Provider D,Behavioral health,18–34,18,0,1,15,0,9.7,Completed
A01596,2025-06-01,Provider D,Primary care,50–64,3,0,0,13,0,7.1,Completed
A01905,2025-06-01,Provider D,Follow-up,18–34,26,0,1,16,1,,No-show
A02228,2025-06-01,Provider A,Follow-up,18–34,10,0,1,11,0,4.7,Completed
A02434,2025-06-01,Provider B,Primary care,50–64,20,1,1,14,1,,No-show
A02831,2025-06-01,Provider C,Primary care,35–49,36,1,0,16,0,27.6,Referred
A02941,2025-06-01,Provider B,Primary care,50–64,32,1,1,16,0,21.0,Completed
A03303,2025-06-01,Provider D,Follow-up,50–64,23,0,1,16,0,10.2,Completed
A00358,2025-06-02,Provider D,Specialty,65+,7,1,1,11,0,5.9,Completed
A00390,2025-06-02,Provider A,Primary care,50–64,5,0,1,9,0,19.9,Completed
A00463,2025-06-02,Provider C,Behavioral health,35–49,26,1,1,8,0,16.2,Completed
A00686,2025-06-02,Provider A,Behavioral health,35–49,6,0,1,16,0,16.8,Completed
A00818,2025-06-02,Provider B,Primary care,65+,13,1,1,14,0,21.3,Completed
A00872,2025-06-02,Provider A,Primary care,50–64,23,0,1,9,0,10.4,Completed
A00925,2025-06-02,Provider C,Specialty,35–49,1,1,1,16,0,26.0,Completed
A01542,2025-06-02,Provider B,Primary care,18–34,28,0,1,11,0,19.0,Completed
A01914,2025-06-02,Provider D,Follow-up,18–34,36,0,0,13,0,14.6,Completed
A02202,2025-06-02,Provider C,Behavioral health,35–49,10,1,1,13,0,26.8,Completed
A03519,2025-06-02,Provider D,Follow-up,65+,14,0,1,8,0,14.0,Completed
A03583,2025-06-02,Provider B,Primary care,18–34,7,0,1,10,0,11.7,Completed
A00283,2025-06-03,Provider B,Follow-up,50–64,7,1,1,11,0,13.5,Completed
A00449,2025-06-03,Provider C,Follow-up,18–34,25,0,1,8,0,15.6,Completed
A00841,2025-06-03,Provider C,Follow-up,18–34,37,0,1,16,0,24.9,Completed
A01530,2025-06-03,Provider C,Follow-up,50–64,42,0,1,14,0,21.4,Referred
A02793,2025-06-03,Provider B,Behavioral health,50–64,34,1,1,8,0,16.3,Completed
A03123,2025-06-03,Provider A,Behavioral health,65+,9,0,1,11,0,10.9,Completed
A00484,2025-06-04,Provider A,Primary care,35–49,11,0,1,15,0,9.8,Completed
A00746,2025-06-04,Provider B,Primary care,35–49,42,1,1,16,0,14.2,Completed
A00793,2025-06-04,Provider D,Follow-up,35–49,35,0,1,8,0,10.6,Completed
A00868,2025-06-04,Provider B,Primary care,50–64,33,0,1,10,0,17.2,Completed
A01288,2025-06-04,Provider B,Follow-up,65+,19,0,1,9,0,9.6,Completed
A01365,2025-06-04,Provider A,Behavioral health,35–49,45,1,1,14,0,20.9,Completed
A01700,2025-06-04,Provider A,Follow-up,18–34,14,0,1,16,0,14.1,Referred
A02384,2025-06-04,Provider C,Primary care,18–34,26,2,0,13,1,,No-show
A02549,2025-06-04,Provider D,Follow-up,65+,29,0,1,16,0,20.1,Completed
A02773,2025-06-04,Provider B,Follow-up,18–34,43,3,1,15,1,,No-show
A03192,2025-06-04,Provider B,Follow-up,18–34,42,2,1,10,0,5.9,Completed
A03326,2025-06-04,Provider B,Follow-up,50–64,18,0,1,15,1,,No-show
A00748,2025-06-05,Provider D,Behavioral health,35–49,20,3,1,13,1,,No-show
A00838,2025-06-05,Provider B,Follow-up,18–34,29,0,1,16,0,17.3,Completed
A01052,2025-06-05,Provider D,Specialty,50–64,4,1,1,11,0,8.7,Completed
A01354,2025-06-05,Provider D,Behavioral health,50–64,31,2,1,10,1,,No-show
A01362,2025-06-05,Provider D,Primary care,18–34,1,0,0,13,0,7.9,Completed
A02152,2025-06-05,Provider C,Primary care,18–34,12,1,1,9,1,,No-show
A02517,2025-06-05,Provider C,Specialty,65+,41,0,1,14,0,24.2,Completed
A03527,2025-06-05,Provider C,Behavioral health,18–34,44,0,1,14,0,27.1,Completed
A00182,2025-06-06,Provider B,Primary care,35–49,30,1,0,14,0,19.9,Completed
A00284,2025-06-06,Provider C,Follow-up,50–64,4,0,1,13,0,25.8,Completed
A00946,2025-06-06,Provider C,Specialty,35–49,10,1,0,9,0,13.5,Completed
A01337,2025-06-06,Provider C,Primary care,65+,32,0,1,11,0,17.8,Completed
A01388,2025-06-06,Provider B,Follow-up,50–64,7,3,0,16,1,,No-show
A01465,2025-06-06,Provider D,Primary care,35–49,16,1,1,10,0,9.1,Completed
A01621,2025-06-06,Provider D,Primary care,50–64,4,0,0,9,0,3.8,Referred
A01730,2025-06-06,Provider C,Behavioral health,65+,44,0,1,15,0,29.4,Completed
A01851,2025-06-06,Provider C,Primary care,35–49,32,1,1,10,0,19.5,Completed
A01901,2025-06-06,Provider D,Follow-up,18–34,34,1,1,16,0,12.9,Completed
A01907,2025-06-06,Provider C,Follow-up,18–34,17,0,1,14,0,26.9,Referred
A01983,2025-06-06,Provider C,Behavioral health,18–34,4,1,1,11,0,23.6,Referred
A02122,2025-06-06,Provider D,Specialty,50–64,3,0,1,16,0,11.2,Completed
A02539,2025-06-06,Provider B,Follow-up,18–34,22,0,1,14,1,,No-show
A02809,2025-06-06,Provider D,Follow-up,18–34,10,0,1,9,1,,No-show
A03225,2025-06-06,Provider D,Specialty,50–64,22,1,1,16,0,18.5,Completed
A01292,2025-06-07,Provider D,Behavioral health,18–34,43,2,0,13,1,,No-show
A01902,2025-06-07,Provider B,Primary care,50–64,1,1,1,15,0,22.1,Completed
A02422,2025-06-07,Provider A,Follow-up,65+,2,2,1,16,1,,No-show
A03345,2025-06-07,Provider D,Follow-up,50–64,20,0,1,9,0,16.4,Completed
A03377,2025-06-07,Provider B,Primary care,50–64,16,1,1,9,0,3.5,Completed
A03455,2025-06-07,Provider A,Specialty,65+,8,0,1,14,0,13.5,Completed
A00027,2025-06-08,Provider A,Specialty,50–64,4,0,1,11,0,9.2,Referred
A00483,2025-06-08,Provider A,Behavioral health,50–64,3,3,0,16,1,,No-show
A00615,2025-06-08,Provider B,Primary care,65+,39,0,0,16,0,13.3,Completed
A01161,2025-06-08,Provider C,Primary care,18–34,44,0,1,16,0,26.5,Completed
A01255,2025-06-08,Provider B,Follow-up,35–49,25,1,0,16,0,7.2,Completed
A01261,2025-06-08,Provider D,Behavioral health,65+,39,1,1,9,0,13.4,Completed
A01747,2025-06-08,Provider B,Follow-up,50–64,1,2,0,16,0,20.0,Referred
A01781,2025-06-08,Provider D,Follow-up,18–34,5,1,1,14,0,12.4,Completed
A02171,2025-06-08,Provider C,Follow-up,35–49,32,2,1,10,0,9.4,Completed
A02176,2025-06-08,Provider A,Behavioral health,65+,22,1,1,14,0,15.3,Completed
A02368,2025-06-08,Provider B,Follow-up,65+,23,0,1,14,0,7.3,Completed
A02571,2025-06-08,Provider B,Primary care,50–64,35,0,1,15,0,12.1,Completed
A02828,2025-06-08,Provider C,Specialty,18–34,14,0,0,10,0,21.7,Completed
A02862,2025-06-08,Provider D,Primary care,50–64,18,2,0,9,0,20.7,Completed
A03072,2025-06-08,Provider C,Specialty,18–34,17,1,0,14,0,34.2,Completed
A03231,2025-06-08,Provider B,Behavioral health,18–34,17,1,1,10,0,10.2,Referred
A00280,2025-06-09,Provider C,Follow-up,35–49,41,3,1,11,1,,No-show
A00821,2025-06-09,Provider B,Follow-up,35–49,27,0,1,16,0,16.9,Completed
A00989,2025-06-09,Provider D,Primary care,50–64,8,0,1,10,0,18.2,Completed
A02155,2025-06-09,Provider C,Specialty,35–49,40,3,1,11,0,31.4,Completed
A03079,2025-06-09,Provider A,Primary care,18–34,6,0,1,11,1,,No-show
A03195,2025-06-09,Provider B,Specialty,35–49,34,1,1,14,0,14.9,Completed
A03248,2025-06-09,Provider C,Specialty,35–49,14,1,1,16,0,24.1,Completed
A03499,2025-06-09,Provider B,Follow-up,50–64,12,0,0,11,0,6.1,Completed
A00187,2025-06-10,Provider D,Primary care,35–49,16,0,1,10,0,9.8,Completed
A00220,2025-06-10,Provider C,Behavioral health,35–49,23,0,0,16,0,19.4,Completed
A00244,2025-06-10,Provider C,Primary care,18–34,28,0,1,15,1,,No-show
A00412,2025-06-10,Provider C,Specialty,18–34,2,1,0,15,0,23.4,Completed
A00945,2025-06-10,Provider A,Primary care,65+,36,2,1,8,1,,No-show
A01101,2025-06-10,Provider D,Specialty,35–49,25,0,0,16,0,9.3,Completed
A01146,2025-06-10,Provider D,Primary care,50–64,27,0,0,9,0,9.8,Completed
A01278,2025-06-10,Provider D,Follow-up,18–34,30,1,1,14,0,8.0,Completed
A02044,2025-06-10,Provider B,Specialty,35–49,29,0,1,9,0,6.6,Completed
A02322,2025-06-10,Provider A,Follow-up,35–49,9,0,1,8,1,,No-show
A02350,2025-06-10,Provider A,Primary care,65+,42,0,1,8,0,11.8,Completed
A02660,2025-06-10,Provider D,Follow-up,50–64,45,1,0,8,0,0.9,Completed
A02866,2025-06-10,Provider C,Primary care,65+,1,2,1,11,0,21.0,Completed
A03476,2025-06-10,Provider B,Follow-up,65+,28,0,1,15,0,7.5,Completed
A00131,2025-06-11,Provider C,Primary care,35–49,37,2,0,9,0,13.8,Completed
A00490,2025-06-11,Provider C,Behavioral health,35–49,12,0,1,10,0,16.2,Completed
A00859,2025-06-11,Provider A,Primary care,18–34,4,0,1,10,0,8.1,Completed
A01231,2025-06-11,Provider B,Primary care,35–49,24,0,1,9,0,10.4,Referred
A01525,2025-06-11,Provider A,Follow-up,18–34,33,0,1,9,0,8.9,Referred
A02605,2025-06-11,Provider A,Primary care,65+,16,0,1,11,0,1.2,Completed
A02954,2025-06-11,Provider B,Specialty,65+,10,0,1,11,0,8.3,Referred
A03152,2025-06-11,Provider A,Follow-up,50–64,37,0,1,10,0,12.7,Referred
A03319,2025-06-11,Provider A,Primary care,65+,45,0,1,10,0,13.8,Completed
A03344,2025-06-11,Provider D,Follow-up,65+,2,0,1,9,0,21.4,Completed
A03358,2025-06-11,Provider B,Primary care,50–64,33,0,1,13,1,,No-show
A00300,2025-06-12,Provider B,Behavioral health,35–49,3,0,1,9,0,9.9,Completed
A00341,2025-06-12,Provider A,Follow-up,18–34,24,0,1,10,0,13.8,Completed
A00660,2025-06-12,Provider C,Follow-up,50–64,34,0,0,13,0,22.0,Completed
A01698,2025-06-12,Provider D,Follow-up,35–49,44,0,1,9,0,11.4,Referred
A01722,2025-06-12,Provider C,Follow-up,65+,34,1,1,16,0,13.1,Completed
A01741,2025-06-12,Provider A,Follow-up,18–34,16,0,1,14,0,5.2,Completed
A02161,2025-06-12,Provider C,Behavioral health,35–49,18,0,1,16,0,21.9,Completed
A02280,2025-06-12,Provider C,Behavioral health,35–49,16,0,1,15,0,21.9,Completed
A02557,2025-06-12,Provider D,Follow-up,65+,22,0,1,10,0,16.8,Completed
A03093,2025-06-12,Provider C,Behavioral health,35–49,1,0,0,13,0,10.0,Completed
A03353,2025-06-12,Provider B,Follow-up,50–64,41,0,1,10,0,13.6,Completed
A03401,2025-06-12,Provider B,Follow-up,35–49,21,0,0,14,0,4.6,Completed
A03541,2025-06-12,Provider B,Follow-up,35–49,16,0,1,9,0,3.9,Completed
A00216,2025-06-13,Provider D,Follow-up,65+,12,0,1,15,0,18.4,Completed
A00370,2025-06-13,Provider C,Follow-up,18–34,42,0,0,11,0,21.3,Completed
A00792,2025-06-13,Provider A,Primary care,18–34,16,3,1,10,0,7.4,Completed
A00909,2025-06-13,Provider C,Behavioral health,50–64,20,0,0,10,0,16.9,Completed
A01223,2025-06-13,Provider A,Primary care,65+,41,1,0,11,0,8.1,Completed
A01346,2025-06-13,Provider A,Behavioral health,50–64,40,0,1,16,1,,No-show
A02275,2025-06-13,Provider B,Primary care,35–49,31,0,1,11,0,19.2,Completed
A02538,2025-06-13,Provider A,Primary care,50–64,30,0,1,13,0,12.6,Completed
A02629,2025-06-13,Provider B,Primary care,65+,17,0,1,15,1,,No-show
A02901,2025-06-13,Provider D,Follow-up,65+,8,0,1,14,0,17.3,Completed
A03270,2025-06-13,Provider A,Behavioral health,65+,25,0,1,13,0,5.1,Completed
A00065,2025-06-14,Provider D,Primary care,65+,35,1,1,14,1,,No-show
A00117,2025-06-14,Provider C,Behavioral health,18–34,38,0,1,11,0,28.2,Completed
A00231,2025-06-14,Provider D,Specialty,35–49,6,0,0,8,0,14.4,Completed
A00440,2025-06-14,Provider A,Specialty,18–34,31,0,1,9,0,6.2,Completed
A00814,2025-06-14,Provider D,Specialty,35–49,37,0,1,14,0,13.5,Completed
A01112,2025-06-14,Provider C,Behavioral health,65+,24,3,1,8,1,,No-show
A01463,2025-06-14,Provider A,Specialty,65+,3,0,1,16,0,19.0,Completed
A01497,2025-06-14,Provider A,Primary care,50–64,29,1,1,11,0,13.7,Completed
A01617,2025-06-14,Provider D,Primary care,18–34,12,1,0,16,0,16.0,Completed
A03000,2025-06-14,Provider C,Follow-up,18–34,24,1,1,11,0,24.1,Completed
A00145,2025-06-15,Provider A,Primary care,18–34,22,0,1,14,0,27.3,Completed
A00245,2025-06-15,Provider A,Behavioral health,65+,15,1,1,11,0,8.6,Completed
A00270,2025-06-15,Provider B,Primary care,50–64,32,0,1,8,0,11.2,Completed
A00568,2025-06-15,Provider B,Primary care,50–64,33,1,1,11,0,16.4,Completed
A00861,2025-06-15,Provider D,Primary care,35–49,13,1,0,16,0,15.2,Completed
A01163,2025-06-15,Provider C,Follow-up,35–49,45,0,0,13,0,14.9,Completed
A01188,2025-06-15,Provider B,Follow-up,50–64,4,0,1,8,0,13.0,Completed
A01584,2025-06-15,Provider D,Primary care,35–49,8,1,1,14,0,13.6,Completed
A01765,2025-06-15,Provider A,Follow-up,18–34,39,2,0,16,0,13.3,Completed
A01956,2025-06-15,Provider D,Primary care,18–34,16,0,1,16,0,11.6,Completed
A02091,2025-06-15,Provider A,Primary care,65+,16,0,1,14,0,18.2,Completed
A02846,2025-06-15,Provider B,Behavioral health,50–64,21,0,1,10,0,2.3,Completed
A02968,2025-06-15,Provider B,Specialty,35–49,29,0,1,9,0,16.7,Completed
A03029,2025-06-15,Provider C,Follow-up,50–64,23,3,0,11,0,22.0,Completed
A03384,2025-06-15,Provider D,Primary care,18–34,25,0,1,16,0,14.6,Completed
A00013,2025-06-16,Provider B,Specialty,50–64,12,1,1,15,0,13.3,Completed
A00857,2025-06-16,Provider A,Specialty,35–49,45,0,1,16,0,8.9,Completed
A00939,2025-06-16,Provider B,Primary care,65+,26,0,1,15,0,8.5,Completed
A01044,2025-06-16,Provider C,Follow-up,18–34,20,0,1,15,0,19.3,Completed
A01422,2025-06-16,Provider B,Follow-up,65+,1,0,1,9,0,1.6,Completed
A01611,2025-06-16,Provider C,Follow-up,35–49,42,0,1,9,1,,No-show
A02358,2025-06-16,Provider B,Primary care,50–64,21,0,1,8,0,13.2,Completed
A02497,2025-06-16,Provider B,Primary care,50–64,27,2,1,16,1,,No-show
A02849,2025-06-16,Provider B,Behavioral health,50–64,28,0,1,11,0,8.1,Completed
A00253,2025-06-17,Provider B,Behavioral health,18–34,5,0,1,15,0,18.8,Completed
A00942,2025-06-17,Provider A,Follow-up,65+,25,0,1,13,0,8.2,Referred
A00978,2025-06-17,Provider B,Specialty,65+,25,1,1,11,0,15.1,Referred
A01174,2025-06-17,Provider A,Follow-up,18–34,39,1,1,11,0,8.0,Completed
A01659,2025-06-17,Provider D,Primary care,50–64,3,0,0,8,0,3.5,Completed
A01846,2025-06-17,Provider C,Specialty,18–34,21,0,0,14,0,32.3,Completed
A01946,2025-06-17,Provider C,Follow-up,35–49,22,0,0,16,0,21.5,Completed
A02984,2025-06-17,Provider B,Primary care,50–64,9,0,1,10,0,3.9,Referred
A03115,2025-06-17,Provider B,Primary care,65+,25,1,0,15,0,17.5,Completed
A03131,2025-06-17,Provider B,Follow-up,65+,20,0,1,16,0,8.8,Completed
A03322,2025-06-17,Provider A,Follow-up,50–64,21,0,1,14,1,,No-show
A03445,2025-06-17,Provider C,Primary care,50–64,15,1,1,10,0,20.0,Completed
A00819,2025-06-18,Provider A,Specialty,35–49,7,0,0,8,0,4.3,Completed
A01106,2025-06-18,Provider D,Primary care,50–64,24,0,1,13,0,16.3,Completed
A02132,2025-06-18,Provider C,Specialty,35–49,19,2,0,10,0,25.0,Completed
A02411,2025-06-18,Provider D,Primary care,18–34,8,3,1,13,0,10.8,Referred
A02764,2025-06-18,Provider D,Follow-up,50–64,31,1,1,9,0,8.6,Completed
A02858,2025-06-18,Provider C,Primary care,18–34,12,3,0,9,1,,No-show
A02867,2025-06-18,Provider D,Follow-up,65+,10,1,1,9,0,9.6,Completed
A00320,2025-06-19,Provider D,Follow-up,35–49,35,0,0,10,0,17.1,Completed
A00375,2025-06-19,Provider B,Behavioral health,18–34,36,1,0,16,0,22.5,Completed
A00702,2025-06-19,Provider D,Primary care,65+,35,0,1,13,0,8.7,Completed
A00938,2025-06-19,Provider C,Follow-up,18–34,20,0,1,15,0,33.6,Completed
A01140,2025-06-19,Provider C,Behavioral health,18–34,24,2,0,9,1,,No-show
A01269,2025-06-19,Provider A,Follow-up,65+,19,0,1,11,0,23.5,Completed
A01544,2025-06-19,Provider A,Follow-up,35–49,14,0,0,9,0,9.5,Completed
A02209,2025-06-19,Provider D,Behavioral health,50–64,34,1,0,15,1,,No-show
A02580,2025-06-19,Provider C,Primary care,18–34,21,0,1,16,0,20.9,Completed
A02739,2025-06-19,Provider B,Follow-up,65+,11,0,1,15,0,17.7,Completed
A02869,2025-06-19,Provider B,Primary care,50–64,10,0,1,15,1,,No-show
A00222,2025-06-20,Provider A,Primary care,65+,5,0,1,10,0,8.4,Completed
A01195,2025-06-20,Provider A,Specialty,35–49,19,0,1,11,0,15.6,Completed
A01253,2025-06-20,Provider C,Behavioral health,18–34,13,3,1,13,0,23.4,Completed
A01323,2025-06-20,Provider D,Primary care,18–34,15,0,1,9,1,,No-show
A01619,2025-06-20,Provider D,Specialty,18–34,5,0,1,16,0,14.0,Completed
A02180,2025-06-20,Provider A,Follow-up,65+,16,0,0,15,0,9.8,Completed
A02990,2025-06-20,Provider B,Primary care,18–34,35,2,1,14,0,16.7,Referred
A03450,2025-06-20,Provider D,Primary care,50–64,16,0,1,11,0,6.5,Completed
A00468,2025-06-21,Provider A,Follow-up,50–64,16,2,1,10,0,0.6,Completed
A00497,2025-06-21,Provider B,Specialty,50–64,31,1,1,8,0,17.5,Completed
A01402,2025-06-21,Provider B,Behavioral health,35–49,1,1,1,15,0,18.4,Completed
A02063,2025-06-21,Provider D,Follow-up,18–34,32,2,1,10,0,11.4,Completed
A02220,2025-06-21,Provider A,Follow-up,35–49,26,2,1,14,1,,No-show
A02727,2025-06-21,Provider C,Specialty,65+,11,0,1,8,0,21.5,Completed
A03483,2025-06-21,Provider C,Primary care,35–49,9,2,1,11,0,25.5,Completed
A00441,2025-06-22,Provider C,Primary care,50–64,26,0,0,15,0,27.0,Completed
A00751,2025-06-22,Provider D,Primary care,35–49,45,3,1,11,0,13.2,Completed
A00772,2025-06-22,Provider D,Primary care,18–34,40,0,1,9,0,6.9,Referred
A00906,2025-06-22,Provider A,Behavioral health,50–64,28,2,1,13,0,20.8,Completed
A01109,2025-06-22,Provider D,Primary care,18–34,16,0,1,13,0,13.1,Completed
A01268,2025-06-22,Provider B,Primary care,35–49,33,0,1,8,0,15.4,Completed
A01401,2025-06-22,Provider D,Behavioral health,65+,21,0,1,11,0,10.7,Completed
A01563,2025-06-22,Provider C,Behavioral health,50–64,20,0,1,15,0,23.1,Completed
A01586,2025-06-22,Provider C,Behavioral health,50–64,6,0,1,15,0,17.6,Completed
A01784,2025-06-22,Provider B,Behavioral health,18–34,3,1,1,8,0,13.5,Completed
A03055,2025-06-22,Provider C,Follow-up,50–64,4,1,1,14,0,24.7,Completed
A00149,2025-06-23,Provider A,Primary care,18–34,22,0,1,13,0,3.4,Completed
A00209,2025-06-23,Provider A,Primary care,35–49,37,0,1,15,1,,No-show
A01108,2025-06-23,Provider D,Follow-up,65+,28,1,1,9,0,3.6,Completed
A01519,2025-06-23,Provider D,Follow-up,65+,37,1,1,8,1,,No-show
A01623,2025-06-23,Provider B,Primary care,65+,41,1,1,15,1,,No-show
A02109,2025-06-23,Provider C,Primary care,18–34,16,0,1,13,1,,No-show
A02935,2025-06-23,Provider B,Behavioral health,35–49,45,1,1,11,1,,No-show
A02985,2025-06-23,Provider B,Specialty,18–34,43,0,0,15,0,10.6,Referred
A03001,2025-06-23,Provider B,Primary care,65+,18,0,1,16,0,11.9,Completed
A03198,2025-06-23,Provider D,Specialty,50–64,23,1,1,10,0,14.1,Referred
A00180,2025-06-24,Provider C,Primary care,18–34,27,0,1,13,0,27.6,Referred
A00198,2025-06-24,Provider A,Specialty,18–34,19,0,0,8,0,9.7,Completed
A01536,2025-06-24,Provider B,Follow-up,50–64,35,0,0,14,0,14.1,Completed
A01935,2025-06-24,Provider A,Follow-up,65+,2,0,1,9,0,11.1,Completed
A02035,2025-06-24,Provider D,Follow-up,18–34,45,0,1,8,0,4.5,Completed
A02524,2025-06-24,Provider C,Follow-up,35–49,13,1,1,13,0,25.1,Completed
A02845,2025-06-24,Provider D,Specialty,50–64,32,1,0,14,0,18.4,Completed
A02861,2025-06-24,Provider D,Primary care,18–34,10,0,1,8,0,13.1,Completed
A02959,2025-06-24,Provider D,Primary care,50–64,6,1,1,14,1,,No-show
A03015,2025-06-24,Provider D,Primary care,65+,43,1,1,10,1,,No-show
A03513,2025-06-24,Provider B,Primary care,50–64,30,1,1,8,0,10.4,Completed
A02101,2025-06-25,Provider B,Follow-up,35–49,33,0,0,8,0,12.2,Completed
A02472,2025-06-25,Provider C,Specialty,35–49,27,0,1,15,0,24.0,Completed
A02628,2025-06-25,Provider A,Behavioral health,18–34,37,3,1,10,1,,No-show
A02986,2025-06-25,Provider C,Follow-up,50–64,38,0,0,9,0,28.2,Completed
A03166,2025-06-25,Provider C,Primary care,65+,35,0,1,15,0,26.9,Completed
A03279,2025-06-25,Provider B,Behavioral health,35–49,22,0,0,16,0,11.9,Completed
A00093,2025-06-26,Provider A,Behavioral health,35–49,39,0,1,14,0,15.8,Completed
A00383,2025-06-26,Provider B,Primary care,65+,39,2,1,8,0,10.8,Completed
A00421,2025-06-26,Provider B,Specialty,35–49,37,0,1,11,0,8.7,Completed
A00726,2025-06-26,Provider C,Follow-up,35–49,44,2,1,8,0,26.6,Completed
A02010,2025-06-26,Provider D,Follow-up,18–34,3,0,1,16,0,7.7,Completed
A02374,2025-06-26,Provider D,Follow-up,65+,29,1,1,10,0,17.6,Referred
A03369,2025-06-26,Provider B,Specialty,18–34,11,0,0,11,0,2.5,Referred
A00403,2025-06-27,Provider A,Follow-up,35–49,40,0,1,8,0,11.7,Completed
A00823,2025-06-27,Provider D,Behavioral health,65+,2,0,1,10,0,9.7,Completed
A00827,2025-06-27,Provider B,Follow-up,35–49,14,0,0,11,0,13.7,Completed
A01477,2025-06-27,Provider B,Follow-up,35–49,10,0,1,15,0,15.6,Completed
A01686,2025-06-27,Provider A,Follow-up,65+,42,0,1,9,0,15.0,Completed
A02069,2025-06-27,Provider B,Primary care,18–34,40,3,1,9,1,,No-show
A02535,2025-06-27,Provider C,Specialty,18–34,19,0,1,13,0,20.8,Completed
A00045,2025-06-28,Provider C,Behavioral health,50–64,42,1,1,15,0,26.4,Completed
A00683,2025-06-28,Provider A,Follow-up,18–34,8,1,0,11,0,16.5,Completed
A00753,2025-06-28,Provider C,Behavioral health,50–64,29,0,1,13,0,14.2,Completed
A00830,2025-06-28,Provider B,Follow-up,50–64,26,0,0,14,0,27.2,Completed
A01182,2025-06-28,Provider A,Primary care,35–49,33,3,1,8,0,3.9,Completed
A00018,2025-06-29,Provider D,Primary care,18–34,15,0,1,10,0,10.8,Completed
A00035,2025-06-29,Provider A,Primary care,35–49,11,0,1,9,0,11.3,Completed
A00458,2025-06-29,Provider C,Specialty,18–34,4,1,0,11,0,14.7,Referred
A01060,2025-06-29,Provider D,Specialty,35–49,45,0,1,16,0,13.4,Completed
A01792,2025-06-29,Provider A,Follow-up,50–64,31,0,1,15,0,10.8,Completed
A02798,2025-06-29,Provider B,Behavioral health,18–34,2,0,1,11,0,9.5,Completed
A02887,2025-06-29,Provider D,Primary care,35–49,38,1,1,9,0,4.0,Referred
A03392,2025-06-29,Provider A,Specialty,35–49,19,0,0,8,1,,No-show
A03403,2025-06-29,Provider A,Primary care,50–64,26,0,1,10,0,11.3,Completed
A00408,2025-06-30,Provider A,Follow-up,50–64,31,0,1,10,0,15.4,Completed
A00486,2025-06-30,Provider D,Primary care,50–64,8,2,1,11,0,10.1,Completed
A00698,2025-06-30,Provider B,Specialty,35–49,34,2,1,14,0,5.0,Completed
A00816,2025-06-30,Provider A,Primary care,50–64,7,1,1,8,0,18.4,Completed
A01661,2025-06-30,Provider B,Primary care,50–64,4,0,1,11,0,0.0,Completed
A02036,2025-06-30,Provider D,Specialty,50–64,39,1,1,14,0,20.4,Completed
A02294,2025-06-30,Provider B,Follow-up,65+,33,0,0,16,0,14.9,Completed
A02421,2025-06-30,Provider C,Primary care,65+,41,0,1,16,0,23.0,Completed
A02507,2025-06-30,Provider D,Behavioral health,35–49,26,0,1,15,1,,No-show
A02650,2025-06-30,Provider A,Specialty,65+,41,0,1,14,0,11.4,Completed
A02790,2025-06-30,Provider A,Follow-up,35–49,21,0,1,11,0,10.4,Completed
A03066,2025-06-30,Provider C,Behavioral health,35–49,2,0,1,8,0,23.0,Completed
A03092,2025-06-30,Provider B,Specialty,35–49,34,1,1,16,0,18.0,Completed
A03159,2025-06-30,Provider B,Primary care,65+,15,0,1,14,0,21.7,Completed
A03339,2025-06-30,Provider C,Follow-up,18–34,16,3,1,9,0,23.3,Completed
A00752,2025-07-01,Provider B,Follow-up,65+,18,0,1,9,1,,No-show
A01529,2025-07-01,Provider B,Follow-up,18–34,8,0,1,16,0,21.6,Completed
A01821,2025-07-01,Provider C,Behavioral health,65+,37,0,1,15,0,24.0,Completed
A02114,2025-07-01,Provider C,Follow-up,35–49,34,0,0,9,0,16.3,Completed
A02267,2025-07-01,Provider D,Follow-up,65+,34,0,1,16,0,1.9,Completed
A02976,2025-07-01,Provider C,Behavioral health,35–49,7,0,0,14,1,,No-show
A03376,2025-07-01,Provider C,Follow-up,35–49,38,0,1,13,0,14.5,Completed
A00397,2025-07-02,Provider A,Follow-up,35–49,16,0,0,16,0,20.1,Completed
A00803,2025-07-02,Provider C,Primary care,50–64,20,0,0,13,0,27.3,Completed
A01088,2025-07-02,Provider A,Behavioral health,50–64,31,1,1,14,1,,No-show
A01208,2025-07-02,Provider A,Primary care,65+,13,1,1,13,0,14.2,Completed
A01406,2025-07-02,Provider C,Follow-up,35–49,3,0,0,14,0,26.7,Completed
A01429,2025-07-02,Provider D,Behavioral health,65+,13,0,0,16,0,8.8,Completed
A01840,2025-07-02,Provider A,Primary care,65+,34,0,1,13,1,,No-show
A02367,2025-07-02,Provider D,Follow-up,50–64,5,0,0,10,0,14.2,Completed
A02782,2025-07-02,Provider A,Primary care,65+,1,0,1,14,0,20.2,Completed
A03003,2025-07-02,Provider D,Follow-up,65+,9,1,1,16,0,11.9,Completed
A00910,2025-07-03,Provider A,Primary care,18–34,36,0,1,11,1,,No-show
A01572,2025-07-03,Provider A,Follow-up,65+,42,0,1,14,1,,No-show
A01595,2025-07-03,Provider C,Specialty,65+,22,1,1,10,1,,No-show
A01635,2025-07-03,Provider C,Follow-up,35–49,8,0,1,11,0,18.5,Completed
A01717,2025-07-03,Provider B,Primary care,50–64,6,0,0,11,0,8.7,Completed
A02540,2025-07-03,Provider C,Primary care,65+,7,0,1,11,0,14.4,Completed
A02872,2025-07-03,Provider B,Primary care,50–64,16,0,1,11,0,5.1,Completed
A03363,2025-07-03,Provider A,Primary care,18–34,17,3,1,13,0,5.8,Completed
A01077,2025-07-04,Provider B,Primary care,65+,38,0,1,11,0,9.5,Completed
A01090,2025-07-04,Provider D,Specialty,35–49,18,1,1,9,1,,No-show
A01322,2025-07-04,Provider C,Follow-up,50–64,41,0,1,8,0,27.0,Completed
A01455,2025-07-04,Provider B,Specialty,35–49,41,0,0,11,0,9.8,Completed
A02353,2025-07-04,Provider D,Follow-up,50–64,18,0,1,9,0,9.2,Completed
A02499,2025-07-04,Provider B,Specialty,50–64,2,0,1,13,0,14.1,Completed
A02646,2025-07-04,Provider B,Specialty,65+,11,0,0,10,0,8.6,Completed
A02965,2025-07-04,Provider D,Specialty,50–64,34,0,1,9,0,14.6,Completed
A03035,2025-07-04,Provider B,Primary care,65+,9,0,1,8,0,9.1,Completed
A03393,2025-07-04,Provider A,Follow-up,18–34,29,0,1,13,0,5.5,Completed
A03429,2025-07-04,Provider A,Primary care,50–64,18,0,1,16,0,10.8,Completed
A00126,2025-07-05,Provider C,Primary care,18–34,19,0,1,15,0,23.1,Completed
A01613,2025-07-05,Provider D,Primary care,18–34,12,0,1,15,0,16.6,Completed
A02649,2025-07-05,Provider C,Follow-up,65+,15,0,0,14,0,27.6,Completed
A02795,2025-07-05,Provider B,Behavioral health,65+,15,0,0,13,0,17.5,Completed
A02910,2025-07-05,Provider C,Primary care,65+,3,0,1,8,0,14.0,Completed
A03061,2025-07-05,Provider C,Specialty,65+,5,1,1,13,0,20.7,Completed
A03548,2025-07-05,Provider C,Primary care,65+,24,0,1,13,0,25.3,Completed
A00530,2025-07-06,Provider C,Follow-up,50–64,9,2,1,16,0,20.2,Completed
A00858,2025-07-06,Provider D,Behavioral health,65+,20,0,1,10,0,14.0,Completed
A01158,2025-07-06,Provider A,Follow-up,35–49,23,0,0,8,0,10.9,Referred
A01918,2025-07-06,Provider D,Specialty,18–34,22,1,0,13,0,15.0,Completed
A02559,2025-07-06,Provider D,Primary care,18–34,4,1,1,11,0,0.0,Completed
A02682,2025-07-06,Provider D,Primary care,18–34,36,0,1,11,0,14.5,Completed
A00038,2025-07-07,Provider A,Follow-up,35–49,12,0,1,9,0,2.3,Completed
A00710,2025-07-07,Provider B,Primary care,35–49,30,1,1,13,0,0.0,Completed
A01138,2025-07-07,Provider D,Follow-up,18–34,35,1,0,16,0,21.4,Completed
A01390,2025-07-07,Provider A,Primary care,65+,4,1,1,8,0,10.3,Completed
A02314,2025-07-07,Provider B,Primary care,65+,1,1,1,11,0,14.2,Referred
A02712,2025-07-07,Provider A,Follow-up,35–49,41,1,1,14,0,18.3,Completed
A02717,2025-07-07,Provider A,Behavioral health,18–34,28,0,1,15,0,16.4,Completed
A02995,2025-07-07,Provider A,Primary care,50–64,9,0,1,11,0,5.9,Completed
A00090,2025-07-08,Provider D,Behavioral health,35–49,3,1,1,16,0,18.2,Completed
A00207,2025-07-08,Provider D,Behavioral health,18–34,28,2,1,16,1,,No-show
A00353,2025-07-08,Provider C,Follow-up,35–49,6,0,1,11,1,,No-show
A01190,2025-07-08,Provider B,Follow-up,65+,10,0,1,14,0,8.9,Completed
A01279,2025-07-08,Provider D,Follow-up,18–34,42,0,0,8,0,13.2,Completed
A02342,2025-07-08,Provider D,Follow-up,65+,30,0,1,13,0,13.8,Completed
A00701,2025-07-09,Provider A,Follow-up,65+,37,1,0,16,0,12.3,Completed
A01063,2025-07-09,Provider C,Behavioral health,65+,37,1,1,15,1,,No-show
A01243,2025-07-09,Provider A,Primary care,50–64,3,1,1,14,0,17.1,Completed
A01677,2025-07-09,Provider A,Follow-up,18–34,24,0,1,14,0,18.5,Completed
A01952,2025-07-09,Provider A,Primary care,35–49,13,1,1,16,0,16.5,Completed
A01984,2025-07-09,Provider B,Follow-up,18–34,35,2,0,11,0,9.3,Completed
A02042,2025-07-09,Provider A,Follow-up,35–49,11,0,1,8,0,8.4,Completed
A02246,2025-07-09,Provider B,Behavioral health,18–34,36,0,1,10,0,8.6,Completed
A02680,2025-07-09,Provider B,Primary care,50–64,2,1,1,14,0,23.7,Referred
A03253,2025-07-09,Provider B,Behavioral health,65+,8,0,1,14,0,9.3,Completed
A00113,2025-07-10,Provider A,Primary care,50–64,21,1,1,9,0,2.3,Completed
A00274,2025-07-10,Provider D,Behavioral health,18–34,32,3,1,8,1,,No-show
A00901,2025-07-10,Provider A,Follow-up,50–64,14,0,1,14,0,23.3,Completed
A01071,2025-07-10,Provider D,Follow-up,18–34,10,2,1,15,0,0.0,Completed
A02585,2025-07-10,Provider B,Behavioral health,65+,36,0,1,10,1,,No-show
A03251,2025-07-10,Provider C,Follow-up,18–34,12,0,0,13,0,21.7,Referred
A03411,2025-07-10,Provider C,Specialty,65+,16,0,1,8,0,24.2,Completed
A03505,2025-07-10,Provider A,Primary care,65+,21,0,0,16,0,11.9,Completed
A00151,2025-07-11,Provider B,Primary care,18–34,42,0,0,13,1,,No-show
A00359,2025-07-11,Provider A,Primary care,65+,31,1,0,16,0,15.4,Completed
A01603,2025-07-11,Provider B,Behavioral health,35–49,32,3,1,9,1,,No-show
A01670,2025-07-11,Provider A,Follow-up,18–34,45,0,1,15,0,8.4,Completed
A02270,2025-07-11,Provider D,Follow-up,65+,17,0,1,15,0,16.4,Referred
A03045,2025-07-11,Provider D,Follow-up,65+,15,0,1,11,0,4.9,Completed
A03430,2025-07-11,Provider D,Follow-up,65+,28,1,1,11,0,10.3,Referred
A00459,2025-07-12,Provider A,Primary care,18–34,28,0,1,14,0,18.0,Completed
A00721,2025-07-12,Provider B,Follow-up,35–49,37,0,1,13,1,,No-show
A00840,2025-07-12,Provider B,Follow-up,35–49,34,1,0,14,0,22.4,Completed
A00934,2025-07-12,Provider B,Specialty,65+,45,1,1,13,1,,No-show
A01869,2025-07-12,Provider B,Specialty,65+,23,2,1,8,0,13.7,Completed
A02028,2025-07-12,Provider D,Behavioral health,35–49,24,2,0,15,0,14.9,Completed
A02082,2025-07-12,Provider C,Primary care,65+,38,0,1,14,0,20.5,Completed
A02482,2025-07-12,Provider A,Follow-up,65+,43,3,1,9,1,,No-show
A02842,2025-07-12,Provider B,Primary care,18–34,35,1,1,13,0,3.7,Completed
A02877,2025-07-12,Provider B,Specialty,65+,13,0,1,8,0,4.5,Referred
A02892,2025-07-12,Provider A,Primary care,65+,32,3,1,11,0,15.3,Completed
A03049,2025-07-12,Provider C,Behavioral health,35–49,30,0,1,15,0,24.0,Completed
A03169,2025-07-12,Provider C,Behavioral health,50–64,29,0,1,9,0,24.4,Completed
A00179,2025-07-13,Provider C,Behavioral health,50–64,43,3,1,11,1,,No-show
A00246,2025-07-13,Provider D,Primary care,65+,19,0,0,15,1,,No-show
A00628,2025-07-13,Provider C,Follow-up,65+,6,1,0,8,0,26.2,Completed
A00797,2025-07-13,Provider D,Behavioral health,50–64,42,0,1,14,0,19.2,Completed
A01168,2025-07-13,Provider C,Primary care,65+,43,0,1,13,0,24.8,Completed
A02034,2025-07-13,Provider A,Primary care,65+,30,0,1,14,0,10.8,Completed
A02060,2025-07-13,Provider D,Follow-up,50–64,39,0,0,8,1,,No-show
A02222,2025-07-13,Provider C,Follow-up,50–64,28,0,1,13,0,16.6,Completed
A02514,2025-07-13,Provider B,Primary care,50–64,17,2,1,15,0,13.3,Completed
A02572,2025-07-13,Provider D,Follow-up,65+,24,0,1,10,0,6.2,Completed
A02794,2025-07-13,Provider D,Primary care,18–34,31,0,1,11,0,7.6,Completed
A03557,2025-07-13,Provider C,Follow-up,35–49,19,1,1,14,0,28.3,Completed
A00256,2025-07-14,Provider C,Specialty,18–34,12,0,1,15,0,25.3,Completed
A00561,2025-07-14,Provider B,Follow-up,18–34,44,0,1,8,0,2.5,Completed
A00717,2025-07-14,Provider B,Primary care,35–49,7,0,1,14,0,20.6,Completed
A00754,2025-07-14,Provider D,Behavioral health,50–64,10,0,1,13,0,20.3,Completed
A00933,2025-07-14,Provider D,Primary care,18–34,36,0,1,16,0,8.3,Referred
A01466,2025-07-14,Provider C,Follow-up,50–64,42,0,1,8,0,19.3,Completed
A02054,2025-07-14,Provider B,Primary care,35–49,36,0,1,10,0,20.4,Completed
A02644,2025-07-14,Provider C,Follow-up,65+,39,0,0,16,0,29.4,Completed
A02885,2025-07-14,Provider D,Follow-up,65+,25,1,1,11,0,18.3,Completed
A02978,2025-07-14,Provider D,Specialty,65+,37,2,0,8,1,,No-show
A03026,2025-07-14,Provider A,Follow-up,65+,4,2,1,9,0,7.5,Completed
A00162,2025-07-15,Provider D,Primary care,18–34,27,1,1,8,0,13.8,Completed
A00442,2025-07-15,Provider B,Primary care,35–49,3,1,1,9,0,18.4,Completed
A00690,2025-07-15,Provider C,Specialty,18–34,39,0,0,8,1,,No-show
A00882,2025-07-15,Provider C,Behavioral health,50–64,3,0,0,16,1,,No-show
A00887,2025-07-15,Provider C,Specialty,35–49,29,0,0,14,0,26.8,Completed
A00960,2025-07-15,Provider D,Behavioral health,65+,30,0,1,15,0,12.2,Completed
A01336,2025-07-15,Provider C,Behavioral health,50–64,43,0,1,8,0,22.6,Completed
A01363,2025-07-15,Provider A,Behavioral health,35–49,1,0,1,11,0,1.3,Completed
A01594,2025-07-15,Provider C,Primary care,18–34,36,0,1,15,0,17.7,Completed
A01638,2025-07-15,Provider D,Follow-up,35–49,27,0,1,9,0,8.6,Completed
A01750,2025-07-15,Provider C,Follow-up,50–64,19,0,0,14,0,26.8,Completed
A01944,2025-07-15,Provider D,Primary care,50–64,45,0,1,9,1,,No-show
A02432,2025-07-15,Provider A,Follow-up,50–64,10,1,0,9,0,8.5,Completed
A02512,2025-07-15,Provider A,Follow-up,50–64,8,0,1,15,0,8.5,Completed
A02681,2025-07-15,Provider B,Behavioral health,35–49,23,0,1,14,1,,No-show
A03235,2025-07-15,Provider C,Follow-up,65+,28,0,1,16,0,29.7,Completed
A03390,2025-07-15,Provider A,Follow-up,18–34,11,0,1,14,0,14.4,Referred
A00176,2025-07-16,Provider C,Follow-up,18–34,39,2,1,8,1,,No-show
A00338,2025-07-16,Provider B,Primary care,50–64,34,3,0,8,0,8.0,Completed
A00389,2025-07-16,Provider D,Specialty,65+,37,0,0,16,1,,No-show
A01736,2025-07-16,Provider A,Specialty,18–34,19,1,1,13,0,17.8,Completed
A02206,2025-07-16,Provider C,Behavioral health,65+,44,0,1,9,0,16.8,Completed
A02582,2025-07-16,Provider D,Primary care,18–34,32,0,1,8,0,0.0,Completed
A02657,2025-07-16,Provider D,Follow-up,35–49,22,1,1,13,0,0.0,Completed
A02992,2025-07-16,Provider D,Follow-up,50–64,38,1,1,15,0,16.8,Completed
A00171,2025-07-17,Provider D,Specialty,65+,28,2,1,15,0,15.9,Referred
A00380,2025-07-17,Provider A,Behavioral health,50–64,41,0,1,10,0,22.4,Completed
A01506,2025-07-17,Provider B,Primary care,18–34,1,0,1,9,0,11.0,Completed
A02160,2025-07-17,Provider A,Specialty,35–49,12,0,0,11,0,0.9,Completed
A02165,2025-07-17,Provider B,Primary care,35–49,37,0,0,14,1,,No-show
A02503,2025-07-17,Provider C,Specialty,18–34,24,0,1,15,0,22.5,Completed
A02982,2025-07-17,Provider C,Primary care,35–49,42,0,1,8,0,27.9,Completed
A00572,2025-07-18,Provider C,Primary care,35–49,37,0,1,15,0,22.2,Completed
A00576,2025-07-18,Provider B,Specialty,50–64,23,0,0,15,0,15.9,Completed
A00734,2025-07-18,Provider D,Primary care,65+,7,0,0,8,0,12.3,Completed
A00907,2025-07-18,Provider B,Follow-up,35–49,34,2,0,8,1,,No-show
A02128,2025-07-18,Provider D,Follow-up,50–64,33,1,1,11,0,5.6,Completed
A02360,2025-07-18,Provider C,Follow-up,35–49,39,1,1,8,0,20.3,Completed
A03549,2025-07-18,Provider D,Follow-up,50–64,36,0,1,13,0,6.7,Completed
A01017,2025-07-19,Provider B,Primary care,65+,15,0,1,11,0,12.4,Completed
A01131,2025-07-19,Provider D,Specialty,50–64,26,0,1,10,0,17.3,Completed
A01152,2025-07-19,Provider C,Specialty,50–64,17,3,1,13,0,19.6,Completed
A01496,2025-07-19,Provider A,Follow-up,50–64,33,0,1,9,0,0.0,Completed
A01866,2025-07-19,Provider A,Behavioral health,18–34,20,0,1,8,0,11.7,Completed
A02096,2025-07-19,Provider B,Specialty,18–34,39,1,1,13,0,9.4,Completed
A02116,2025-07-19,Provider C,Follow-up,65+,41,0,0,15,1,,No-show
A02738,2025-07-19,Provider D,Primary care,35–49,32,0,1,13,0,19.2,Referred
A03460,2025-07-19,Provider A,Behavioral health,65+,33,0,0,10,1,,No-show
A00232,2025-07-20,Provider A,Follow-up,35–49,27,2,1,13,0,17.1,Completed
A00927,2025-07-20,Provider B,Follow-up,35–49,21,0,1,8,0,7.9,Completed
A01078,2025-07-20,Provider D,Primary care,18–34,14,1,1,13,0,17.5,Referred
A01210,2025-07-20,Provider B,Specialty,35–49,37,0,1,13,0,9.2,Completed
A01280,2025-07-20,Provider B,Specialty,50–64,8,0,1,10,0,6.3,Completed
A01695,2025-07-20,Provider B,Follow-up,18–34,15,1,1,13,0,9.5,Completed
A01976,2025-07-20,Provider D,Primary care,35–49,16,0,1,13,0,13.2,Completed
A02290,2025-07-20,Provider D,Behavioral health,50–64,40,1,0,10,1,,No-show
A02705,2025-07-20,Provider B,Follow-up,50–64,37,1,1,8,1,,No-show
A03069,2025-07-20,Provider D,Follow-up,50–64,26,1,1,13,0,12.5,Completed
A03119,2025-07-20,Provider D,Behavioral health,35–49,36,0,0,15,0,24.8,Completed
A03203,2025-07-20,Provider B,Follow-up,18–34,43,0,1,10,0,19.9,Completed
A00918,2025-07-21,Provider C,Primary care,35–49,1,2,1,14,0,28.2,Referred
A00941,2025-07-21,Provider C,Behavioral health,65+,12,0,1,8,0,20.8,Completed
A01147,2025-07-21,Provider A,Follow-up,35–49,9,1,1,16,0,17.2,Completed
A01593,2025-07-21,Provider B,Follow-up,35–49,41,1,1,11,1,,No-show
A01780,2025-07-21,Provider D,Primary care,50–64,38,1,1,13,0,9.1,Completed
A01964,2025-07-21,Provider D,Follow-up,18–34,10,0,1,13,0,12.6,Completed
A02401,2025-07-21,Provider A,Follow-up,65+,21,0,1,14,1,,No-show
A02656,2025-07-21,Provider C,Primary care,50–64,34,0,1,16,0,29.2,Completed
A00102,2025-07-22,Provider B,Follow-up,50–64,35,3,1,16,1,,No-show
A01297,2025-07-22,Provider C,Primary care,18–34,41,1,1,11,0,18.1,Completed
A01655,2025-07-22,Provider C,Follow-up,18–34,9,0,1,8,0,19.6,Referred
A02777,2025-07-22,Provider D,Follow-up,65+,3,0,1,9,0,8.0,Completed
A02939,2025-07-22,Provider A,Follow-up,65+,40,0,0,11,0,10.0,Referred
A00330,2025-07-23,Provider B,Behavioral health,18–34,8,1,0,10,0,8.6,Completed
A00559,2025-07-23,Provider B,Behavioral health,65+,13,2,1,9,1,,No-show
A00870,2025-07-23,Provider A,Follow-up,18–34,34,1,0,11,1,,No-show
A01215,2025-07-23,Provider B,Primary care,35–49,23,0,1,10,0,3.9,Completed
A01626,2025-07-23,Provider B,Primary care,18–34,19,0,1,15,0,6.7,Completed
A01738,2025-07-23,Provider B,Specialty,35–49,19,0,0,11,0,9.5,Completed
A01835,2025-07-23,Provider C,Specialty,18–34,44,0,0,14,0,23.9,Completed
A02075,2025-07-23,Provider D,Specialty,65+,31,0,0,11,0,4.0,Referred
A02159,2025-07-23,Provider D,Behavioral health,50–64,3,2,1,14,0,22.0,Completed
A02183,2025-07-23,Provider A,Follow-up,18–34,15,0,1,15,0,12.4,Completed
A02588,2025-07-23,Provider B,Primary care,50–64,45,0,1,9,0,17.5,Completed
A02653,2025-07-23,Provider C,Behavioral health,65+,30,1,0,13,1,,No-show
A02922,2025-07-23,Provider C,Follow-up,50–64,14,0,0,10,0,22.0,Completed
A03125,2025-07-23,Provider B,Primary care,18–34,15,0,0,15,0,17.6,Completed
A00515,2025-07-24,Provider B,Specialty,35–49,42,2,0,10,0,4.9,Completed
A00673,2025-07-24,Provider B,Follow-up,50–64,14,2,1,9,0,4.6,Completed
A01132,2025-07-24,Provider B,Specialty,18–34,40,0,0,9,0,10.9,Completed
A01378,2025-07-24,Provider A,Primary care,35–49,1,1,1,14,0,14.7,Completed
A02316,2025-07-24,Provider A,Primary care,35–49,38,0,1,9,0,14.5,Completed
A02530,2025-07-24,Provider A,Follow-up,50–64,26,3,1,13,0,10.9,Completed
A02916,2025-07-24,Provider B,Primary care,18–34,34,0,1,15,0,16.2,Referred
A02944,2025-07-24,Provider B,Primary care,65+,7,0,1,10,0,14.4,Completed
A03278,2025-07-24,Provider D,Primary care,65+,10,0,1,13,0,10.9,Completed
A03487,2025-07-24,Provider D,Primary care,50–64,26,0,0,16,0,8.5,Completed
A00148,2025-07-25,Provider C,Primary care,65+,41,0,1,15,0,30.0,Referred
A00323,2025-07-25,Provider D,Specialty,35–49,28,0,1,8,0,8.0,Completed
A00865,2025-07-25,Provider C,Follow-up,50–64,3,1,0,13,0,9.9,Completed
A00869,2025-07-25,Provider C,Primary care,18–34,16,1,1,15,0,15.7,Completed
A01420,2025-07-25,Provider C,Follow-up,35–49,7,3,0,8,1,,No-show
A01469,2025-07-25,Provider A,Specialty,50–64,2,0,1,8,0,8.4,Completed
A01694,2025-07-25,Provider B,Behavioral health,50–64,20,3,1,8,1,,No-show
A01865,2025-07-25,Provider A,Specialty,65+,25,0,0,13,0,8.9,Referred
A02334,2025-07-25,Provider C,Follow-up,50–64,43,0,1,16,0,35.1,Completed
A02707,2025-07-25,Provider C,Primary care,18–34,16,0,1,8,0,18.4,Referred
A02919,2025-07-25,Provider B,Follow-up,35–49,7,1,1,13,0,11.5,Completed
A03033,2025-07-25,Provider D,Primary care,50–64,35,0,1,15,1,,No-show
A03074,2025-07-25,Provider D,Primary care,65+,16,0,0,14,0,6.6,Referred
A00044,2025-07-26,Provider D,Follow-up,65+,36,0,1,9,0,2.1,Completed
A00073,2025-07-26,Provider A,Primary care,65+,8,0,0,14,0,13.7,Referred
A00146,2025-07-26,Provider C,Primary care,35–49,3,0,1,13,0,19.6,Completed
A00426,2025-07-26,Provider C,Primary care,65+,44,1,0,9,0,20.5,Completed
A00605,2025-07-26,Provider C,Primary care,65+,24,1,1,14,0,23.3,Completed
A01014,2025-07-26,Provider B,Behavioral health,18–34,29,0,1,8,0,9.1,Completed
A01118,2025-07-26,Provider C,Primary care,18–34,44,0,1,8,0,20.0,Completed
A01485,2025-07-26,Provider C,Follow-up,35–49,26,1,1,15,0,26.3,Completed
A02997,2025-07-26,Provider B,Follow-up,65+,42,0,1,10,0,12.0,Completed
A03576,2025-07-26,Provider A,Specialty,65+,33,0,1,10,0,9.8,Completed
A00170,2025-07-27,Provider B,Specialty,65+,14,0,1,9,0,16.2,Completed
A00315,2025-07-27,Provider D,Behavioral health,35–49,38,0,1,14,1,,No-show
A00526,2025-07-27,Provider B,Follow-up,18–34,40,0,0,13,1,,No-show
A00678,2025-07-27,Provider C,Follow-up,65+,22,0,1,10,0,22.4,Completed
A00719,2025-07-27,Provider B,Follow-up,65+,44,1,1,15,0,10.2,Completed
A00836,2025-07-27,Provider D,Behavioral health,18–34,2,0,1,16,1,,No-show
A00848,2025-07-27,Provider B,Specialty,18–34,26,0,0,15,0,20.5,Referred
A01092,2025-07-27,Provider C,Follow-up,35–49,13,3,1,8,0,22.2,Completed
A01137,2025-07-27,Provider C,Primary care,50–64,34,0,1,10,0,19.1,Completed
A01242,2025-07-27,Provider D,Behavioral health,50–64,1,0,1,8,0,16.1,Completed
A01404,2025-07-27,Provider C,Primary care,50–64,41,1,1,9,0,25.8,Completed
A01971,2025-07-27,Provider C,Primary care,50–64,27,0,1,14,0,25.5,Completed
A02043,2025-07-27,Provider C,Behavioral health,50–64,8,0,1,11,0,15.7,Completed
A02130,2025-07-27,Provider A,Primary care,18–34,36,0,0,11,0,6.8,Completed
A02404,2025-07-27,Provider C,Behavioral health,18–34,15,1,1,10,1,,No-show
A03109,2025-07-27,Provider A,Specialty,18–34,31,0,1,13,1,,No-show
A03496,2025-07-27,Provider D,Primary care,35–49,35,0,1,15,1,,No-show
A00106,2025-07-28,Provider C,Specialty,18–34,39,1,1,8,0,18.3,Referred
A00238,2025-07-28,Provider A,Follow-up,35–49,39,0,1,13,0,4.9,Completed
A00895,2025-07-28,Provider B,Follow-up,18–34,33,1,1,16,0,12.1,Referred
A01067,2025-07-28,Provider D,Primary care,18–34,22,0,1,14,0,9.0,Referred
A01690,2025-07-28,Provider C,Primary care,35–49,42,2,0,14,1,,No-show
A01711,2025-07-28,Provider B,Behavioral health,18–34,14,2,1,13,0,5.5,Completed
A01713,2025-07-28,Provider B,Primary care,35–49,32,0,1,10,1,,No-show
A01795,2025-07-28,Provider A,Behavioral health,35–49,41,0,1,11,1,,No-show
A01803,2025-07-28,Provider B,Specialty,18–34,11,1,0,11,0,9.0,Completed
A02494,2025-07-28,Provider A,Behavioral health,65+,43,0,0,15,0,18.7,Completed
A02675,2025-07-28,Provider D,Primary care,65+,27,0,1,8,0,5.4,Completed
A03106,2025-07-28,Provider C,Behavioral health,50–64,40,0,1,10,0,18.3,Completed
A03160,2025-07-28,Provider C,Specialty,65+,35,0,1,10,0,15.9,Completed
A01254,2025-07-29,Provider A,Follow-up,18–34,23,0,1,9,1,,No-show
A01290,2025-07-29,Provider B,Follow-up,35–49,28,0,0,8,0,7.3,Completed
A01552,2025-07-29,Provider A,Specialty,35–49,36,0,1,13,0,3.3,Completed
A01574,2025-07-29,Provider B,Primary care,35–49,15,0,0,15,0,13.7,Completed
A01746,2025-07-29,Provider C,Primary care,18–34,44,0,1,14,0,29.8,Completed
A01892,2025-07-29,Provider C,Specialty,65+,3,2,1,11,0,28.1,Completed
A02052,2025-07-29,Provider A,Follow-up,18–34,21,2,1,13,0,12.3,Completed
A02252,2025-07-29,Provider D,Behavioral health,50–64,35,1,0,13,1,,No-show
A02537,2025-07-29,Provider C,Follow-up,18–34,6,2,0,13,1,,No-show
A02812,2025-07-29,Provider D,Primary care,65+,18,2,1,13,0,7.8,Completed
A00154,2025-07-30,Provider C,Behavioral health,35–49,23,3,1,15,0,25.1,Completed
A01428,2025-07-30,Provider A,Follow-up,35–49,14,0,1,14,0,10.4,Completed
A01447,2025-07-30,Provider D,Primary care,18–34,40,3,1,11,1,,No-show
A01704,2025-07-30,Provider D,Primary care,65+,38,1,0,16,0,14.2,Completed
A02615,2025-07-30,Provider A,Follow-up,35–49,14,1,1,9,0,12.9,Completed
A03283,2025-07-30,Provider A,Behavioral health,50–64,14,0,1,16,0,13.9,Completed
A00037,2025-07-31,Provider D,Follow-up,35–49,28,0,1,15,0,2.2,Completed
A00599,2025-07-31,Provider A,Follow-up,65+,28,3,1,9,0,0.0,Completed
A00975,2025-07-31,Provider B,Specialty,50–64,5,0,1,11,0,16.0,Completed
A01181,2025-07-31,Provider D,Behavioral health,50–64,4,1,1,15,0,6.6,Completed
A01338,2025-07-31,Provider B,Primary care,65+,33,0,1,11,0,9.3,Completed
A01467,2025-07-31,Provider C,Behavioral health,65+,27,0,1,9,0,14.3,Referred
A01742,2025-07-31,Provider C,Behavioral health,65+,29,0,1,15,0,17.9,Completed
A02179,2025-07-31,Provider D,Follow-up,18–34,7,0,0,14,0,15.2,Completed
A02193,2025-07-31,Provider C,Primary care,50–64,33,1,1,13,0,18.7,Completed
A02291,2025-07-31,Provider C,Primary care,18–34,1,0,1,13,0,16.7,Completed
A02369,2025-07-31,Provider B,Specialty,35–49,7,1,1,14,0,10.6,Completed
A03210,2025-07-31,Provider B,Primary care,50–64,8,0,1,13,0,10.3,Completed
A03301,2025-07-31,Provider A,Follow-up,18–34,20,1,0,13,1,,No-show
A00129,2025-08-01,Provider C,Primary care,50–64,14,0,0,14,0,27.4,Completed
A00167,2025-08-01,Provider C,Specialty,35–49,40,0,1,14,0,19.8,Referred
A00532,2025-08-01,Provider A,Follow-up,65+,17,0,1,11,0,8.7,Completed
A01696,2025-08-01,Provider B,Specialty,65+,15,1,0,15,0,6.9,Completed
A01708,2025-08-01,Provider B,Follow-up,50–64,15,0,0,14,0,11.4,Completed
A02110,2025-08-01,Provider A,Primary care,18–34,30,0,1,15,0,16.8,Completed
A02504,2025-08-01,Provider B,Primary care,18–34,22,1,1,11,0,15.0,Completed
A02723,2025-08-01,Provider C,Primary care,50–64,31,1,1,16,0,30.8,Completed
A03075,2025-08-01,Provider D,Follow-up,18–34,23,0,1,16,1,,No-show
A00769,2025-08-02,Provider C,Specialty,35–49,45,2,1,16,0,29.3,Completed
A00829,2025-08-02,Provider A,Primary care,35–49,2,1,0,16,1,,No-show
A01732,2025-08-02,Provider C,Primary care,50–64,37,0,1,10,0,20.8,Completed
A02407,2025-08-02,Provider B,Primary care,18–34,18,2,1,14,0,21.9,Completed
A02622,2025-08-02,Provider D,Primary care,35–49,21,0,1,9,1,,No-show
A02702,2025-08-02,Provider A,Primary care,35–49,42,0,1,9,0,6.6,Completed
A03359,2025-08-02,Provider A,Primary care,18–34,45,0,1,8,1,,No-show
A00296,2025-08-03,Provider B,Specialty,35–49,8,0,1,10,0,7.8,Completed
A00319,2025-08-03,Provider B,Specialty,18–34,25,0,1,14,0,21.9,Completed
A00409,2025-08-03,Provider C,Follow-up,50–64,18,0,0,9,0,22.2,Completed
A00424,2025-08-03,Provider C,Specialty,50–64,28,0,0,9,0,20.6,Completed
A00451,2025-08-03,Provider B,Follow-up,50–64,26,1,1,13,0,3.3,Completed
A00627,2025-08-03,Provider A,Follow-up,50–64,16,1,1,8,0,0.0,Completed
A00714,2025-08-03,Provider B,Follow-up,18–34,6,1,1,16,0,13.3,Completed
A00974,2025-08-03,Provider A,Behavioral health,50–64,1,0,0,9,0,10.0,Completed
A01453,2025-08-03,Provider A,Follow-up,65+,38,0,0,16,0,9.8,Completed
A01828,2025-08-03,Provider D,Primary care,18–34,39,0,0,14,0,12.8,Completed
A01890,2025-08-03,Provider B,Primary care,50–64,25,1,1,11,0,1.9,Completed
A02762,2025-08-03,Provider D,Follow-up,35–49,13,0,1,14,0,21.6,Completed
A02952,2025-08-03,Provider C,Follow-up,35–49,3,0,1,14,0,22.7,Completed
A02967,2025-08-03,Provider A,Follow-up,35–49,7,1,1,15,0,13.3,Completed
A03332,2025-08-03,Provider B,Specialty,18–34,30,2,0,16,0,7.0,Referred
A03346,2025-08-03,Provider D,Follow-up,35–49,20,0,1,13,0,17.8,Referred
A00086,2025-08-04,Provider A,Primary care,50–64,7,1,1,8,0,9.2,Completed
A00335,2025-08-04,Provider D,Behavioral health,35–49,4,1,0,14,0,14.7,Completed
A00435,2025-08-04,Provider C,Specialty,50–64,41,0,1,15,0,27.7,Completed
A00943,2025-08-04,Provider D,Behavioral health,35–49,3,0,1,16,0,12.2,Referred
A01154,2025-08-04,Provider D,Primary care,18–34,4,0,0,11,0,10.8,Completed
A01959,2025-08-04,Provider B,Primary care,50–64,1,0,1,10,0,16.4,Referred
A02405,2025-08-04,Provider C,Follow-up,35–49,7,0,1,8,0,16.6,Completed
A02518,2025-08-04,Provider D,Primary care,50–64,16,2,1,9,0,3.3,Completed
A02819,2025-08-04,Provider C,Behavioral health,35–49,35,1,1,11,0,19.3,Completed
A03434,2025-08-04,Provider A,Primary care,35–49,22,2,1,15,0,13.0,Referred
A03444,2025-08-04,Provider A,Follow-up,65+,15,1,1,14,0,18.0,Completed
A03532,2025-08-04,Provider B,Behavioral health,35–49,18,0,1,15,0,18.0,Completed
A00356,2025-08-05,Provider D,Follow-up,18–34,22,0,1,16,1,,No-show
A00430,2025-08-05,Provider C,Behavioral health,35–49,40,0,1,14,0,35.3,Completed
A00781,2025-08-05,Provider D,Follow-up,65+,29,0,1,11,0,0.0,Referred
A01043,2025-08-05,Provider B,Follow-up,35–49,2,0,0,13,0,8.2,Completed
A01149,2025-08-05,Provider A,Primary care,35–49,35,3,0,13,1,,No-show
A01364,2025-08-05,Provider B,Primary care,18–34,8,0,1,9,0,11.7,Completed
A01599,2025-08-05,Provider D,Primary care,35–49,17,0,0,9,1,,No-show
A01705,2025-08-05,Provider D,Specialty,50–64,33,0,1,15,0,19.9,Completed
A01911,2025-08-05,Provider D,Behavioral health,50–64,30,1,1,11,1,,No-show
A02632,2025-08-05,Provider B,Primary care,35–49,9,0,1,11,0,9.1,Completed
A02767,2025-08-05,Provider C,Follow-up,35–49,7,0,1,11,0,22.7,Completed
A03170,2025-08-05,Provider A,Behavioral health,35–49,1,0,1,14,0,13.0,Completed
A00398,2025-08-06,Provider A,Follow-up,18–34,22,0,1,16,0,17.4,Completed
A00418,2025-08-06,Provider A,Behavioral health,65+,40,0,1,14,0,7.3,Completed
A01699,2025-08-06,Provider A,Specialty,65+,17,1,0,11,0,4.8,Completed
A01873,2025-08-06,Provider C,Follow-up,18–34,35,0,1,16,0,31.0,Completed
A03458,2025-08-06,Provider B,Primary care,50–64,25,0,1,11,0,3.6,Completed
A00041,2025-08-07,Provider C,Specialty,50–64,42,0,1,9,1,,No-show
A00372,2025-08-07,Provider A,Behavioral health,50–64,21,0,1,9,0,8.3,Referred
A00850,2025-08-07,Provider C,Primary care,65+,3,0,1,15,0,20.0,Completed
A01076,2025-08-07,Provider D,Specialty,35–49,12,0,1,15,0,7.2,Completed
A01080,2025-08-07,Provider C,Follow-up,18–34,34,0,1,13,0,18.1,Completed
A01513,2025-08-07,Provider B,Primary care,65+,3,0,0,15,0,3.7,Completed
A01556,2025-08-07,Provider A,Follow-up,35–49,13,1,1,9,1,,No-show
A01862,2025-08-07,Provider D,Behavioral health,35–49,25,1,1,15,1,,No-show
A02174,2025-08-07,Provider A,Follow-up,50–64,42,2,1,14,1,,No-show
A02382,2025-08-07,Provider D,Primary care,65+,15,0,1,11,0,7.8,Completed
A02655,2025-08-07,Provider A,Follow-up,18–34,31,0,1,14,0,14.2,Completed
A02926,2025-08-07,Provider C,Behavioral health,18–34,34,0,1,11,1,,No-show
A03129,2025-08-07,Provider B,Behavioral health,35–49,5,0,1,15,0,15.4,Completed
A03181,2025-08-07,Provider B,Follow-up,50–64,22,0,1,9,0,14.8,Referred
A03593,2025-08-07,Provider A,Specialty,35–49,7,1,0,13,0,8.0,Completed
A03595,2025-08-07,Provider A,Follow-up,18–34,8,0,1,8,0,3.8,Completed
A01973,2025-08-08,Provider C,Follow-up,18–34,36,0,1,9,0,23.5,Referred
A02338,2025-08-08,Provider C,Behavioral health,65+,34,0,1,8,0,20.7,Referred
A02533,2025-08-08,Provider D,Specialty,65+,30,0,0,14,0,18.7,Completed
A02536,2025-08-08,Provider C,Follow-up,18–34,17,2,1,11,0,26.8,Completed
A02925,2025-08-08,Provider C,Primary care,35–49,7,0,1,10,0,24.9,Completed
A03433,2025-08-08,Provider B,Specialty,18–34,16,0,1,10,0,13.4,Completed
A01489,2025-08-09,Provider A,Primary care,50–64,15,2,1,16,0,15.8,Completed
A01975,2025-08-09,Provider A,Follow-up,18–34,20,0,0,11,0,3.9,Completed
A02311,2025-08-09,Provider D,Specialty,50–64,39,0,0,10,0,10.8,Completed
A02356,2025-08-09,Provider D,Behavioral health,50–64,22,0,0,13,0,7.6,Completed
A02856,2025-08-09,Provider B,Follow-up,50–64,10,0,1,16,0,13.4,Completed
A03040,2025-08-09,Provider D,Primary care,50–64,9,0,1,11,0,14.0,Completed
A03367,2025-08-09,Provider B,Specialty,65+,33,1,1,11,0,7.9,Completed
A00466,2025-08-10,Provider C,Follow-up,35–49,11,0,1,13,0,19.7,Completed
A00477,2025-08-10,Provider B,Primary care,65+,21,0,1,10,0,13.0,Completed
A00585,2025-08-10,Provider C,Primary care,65+,31,0,1,15,0,24.7,Completed
A00723,2025-08-10,Provider D,Behavioral health,18–34,18,0,0,8,1,,No-show
A01003,2025-08-10,Provider D,Follow-up,50–64,34,1,1,9,0,16.4,Completed
A01904,2025-08-10,Provider A,Follow-up,50–64,44,0,0,9,1,,No-show
A02732,2025-08-10,Provider D,Follow-up,50–64,39,1,0,9,0,6.8,Completed
A02801,2025-08-10,Provider D,Behavioral health,18–34,30,1,1,8,0,12.9,Completed
A03164,2025-08-10,Provider A,Specialty,35–49,23,2,1,8,0,9.5,Completed
A00108,2025-08-11,Provider C,Specialty,35–49,22,0,1,10,0,21.7,Completed
A00219,2025-08-11,Provider A,Behavioral health,35–49,3,0,1,11,0,7.7,Completed
A00374,2025-08-11,Provider A,Primary care,35–49,30,1,0,13,1,,No-show
A00767,2025-08-11,Provider C,Primary care,18–34,39,0,1,15,0,21.2,Completed
A00988,2025-08-11,Provider A,Follow-up,50–64,38,0,1,10,1,,No-show
A01446,2025-08-11,Provider D,Behavioral health,50–64,36,0,1,14,0,9.6,Completed
A01998,2025-08-11,Provider C,Follow-up,18–34,6,0,1,9,1,,No-show
A00506,2025-08-12,Provider D,Follow-up,65+,6,1,1,11,0,21.4,Completed
A01482,2025-08-12,Provider A,Follow-up,65+,43,0,1,8,0,10.3,Completed
A01909,2025-08-12,Provider D,Specialty,35–49,26,0,1,8,0,8.2,Completed
A02118,2025-08-12,Provider D,Follow-up,18–34,34,2,1,13,0,12.1,Completed
A03354,2025-08-12,Provider B,Follow-up,65+,1,0,1,11,0,15.4,Completed
A00309,2025-08-13,Provider B,Primary care,65+,25,0,1,13,0,16.2,Completed
A00324,2025-08-13,Provider A,Follow-up,50–64,23,0,0,14,0,11.6,Completed
A00758,2025-08-13,Provider B,Behavioral health,50–64,17,2,0,16,1,,No-show
A01366,2025-08-13,Provider D,Primary care,50–64,5,2,1,11,0,0.0,Completed
A02191,2025-08-13,Provider A,Follow-up,65+,11,0,1,15,0,11.0,Completed
A02237,2025-08-13,Provider D,Primary care,35–49,24,1,1,15,0,19.9,Completed
A02787,2025-08-13,Provider A,Specialty,65+,20,0,0,11,0,4.7,Completed
A03361,2025-08-13,Provider B,Behavioral health,35–49,21,1,1,13,0,12.6,Completed
A00307,2025-08-14,Provider C,Follow-up,18–34,24,2,1,8,0,19.5,Completed
A00653,2025-08-14,Provider B,Primary care,50–64,14,1,1,10,0,10.6,Completed
A00798,2025-08-14,Provider B,Follow-up,35–49,28,0,1,9,0,5.0,Referred
A01295,2025-08-14,Provider C,Primary care,18–34,44,3,1,10,1,,No-show
A01331,2025-08-14,Provider A,Follow-up,18–34,29,2,1,16,0,19.8,Completed
A02424,2025-08-14,Provider A,Specialty,50–64,24,0,1,11,0,5.2,Completed
A02525,2025-08-14,Provider D,Primary care,18–34,45,0,0,9,1,,No-show
A02626,2025-08-14,Provider A,Primary care,50–64,34,0,1,16,0,22.3,Completed
A02824,2025-08-14,Provider B,Primary care,18–34,39,1,1,10,0,8.6,Completed
A00074,2025-08-15,Provider B,Follow-up,18–34,44,1,0,8,0,4.1,Completed
A00348,2025-08-15,Provider D,Primary care,50–64,10,0,1,10,1,,No-show
A01349,2025-08-15,Provider D,Primary care,50–64,39,0,1,8,0,12.6,Completed
A01432,2025-08-15,Provider B,Specialty,35–49,16,0,1,14,0,16.9,Completed
A01504,2025-08-15,Provider D,Primary care,50–64,42,3,1,10,1,,No-show
A01758,2025-08-15,Provider C,Primary care,35–49,26,1,1,13,0,17.4,Completed
A01850,2025-08-15,Provider B,Behavioral health,18–34,35,0,1,13,0,13.5,Completed
A01995,2025-08-15,Provider D,Primary care,18–34,42,0,1,15,0,17.0,Completed
A02156,2025-08-15,Provider D,Primary care,50–64,17,1,1,16,0,15.7,Completed
A02704,2025-08-15,Provider B,Primary care,18–34,37,1,0,8,0,6.0,Completed
A02715,2025-08-15,Provider A,Primary care,50–64,26,0,1,15,0,16.1,Completed
A02908,2025-08-15,Provider D,Primary care,50–64,20,1,1,8,0,14.7,Completed
A03087,2025-08-15,Provider A,Specialty,65+,40,1,1,11,0,17.7,Completed
A00725,2025-08-16,Provider C,Behavioral health,65+,26,0,0,8,1,,No-show
A01427,2025-08-16,Provider B,Follow-up,18–34,39,0,1,15,0,10.7,Completed
A01715,2025-08-16,Provider B,Follow-up,65+,2,2,1,10,0,12.7,Referred
A01888,2025-08-16,Provider B,Follow-up,35–49,20,1,1,11,0,13.0,Completed
A02112,2025-08-16,Provider D,Primary care,65+,6,1,1,13,1,,No-show
A02687,2025-08-16,Provider D,Primary care,65+,29,0,1,10,0,9.8,Completed
A01247,2025-08-17,Provider D,Follow-up,35–49,6,2,1,16,0,13.8,Completed
A01270,2025-08-17,Provider A,Specialty,35–49,11,2,0,16,0,14.7,Referred
A01555,2025-08-17,Provider D,Primary care,65+,18,0,1,14,0,17.5,Completed
A01897,2025-08-17,Provider A,Follow-up,65+,45,0,1,8,0,2.7,Completed
A02051,2025-08-17,Provider A,Primary care,18–34,12,0,1,15,0,14.0,Referred
A02272,2025-08-17,Provider D,Follow-up,18–34,29,2,1,16,0,16.8,Completed
A02409,2025-08-17,Provider A,Follow-up,50–64,29,0,1,8,0,12.9,Completed
A02720,2025-08-17,Provider B,Follow-up,50–64,21,1,1,11,0,14.4,Completed
A02754,2025-08-17,Provider C,Follow-up,18–34,10,2,1,14,0,19.5,Completed
A02915,2025-08-17,Provider B,Follow-up,18–34,36,0,1,15,1,,No-show
A03357,2025-08-17,Provider C,Primary care,18–34,5,2,1,16,0,22.5,Referred
A00276,2025-08-18,Provider A,Specialty,65+,2,0,1,9,0,12.4,Completed
A00665,2025-08-18,Provider C,Primary care,35–49,42,0,1,14,0,33.9,Completed
A01925,2025-08-18,Provider B,Follow-up,65+,23,1,1,11,0,17.4,Referred
A02676,2025-08-18,Provider A,Behavioral health,65+,7,0,1,15,0,11.5,Completed
A03275,2025-08-18,Provider D,Behavioral health,35–49,2,0,1,9,0,15.0,Completed
A03347,2025-08-18,Provider C,Follow-up,50–64,44,0,0,11,0,22.2,Completed
A00598,2025-08-19,Provider C,Follow-up,50–64,45,0,0,8,0,18.8,Completed
A01436,2025-08-19,Provider D,Follow-up,50–64,29,1,1,8,0,15.4,Completed
A01629,2025-08-19,Provider A,Primary care,65+,15,0,1,14,0,9.8,Completed
A01861,2025-08-19,Provider C,Behavioral health,35–49,3,0,1,15,0,11.9,Completed
A02459,2025-08-19,Provider C,Specialty,18–34,18,0,0,14,0,20.1,Completed
A02534,2025-08-19,Provider D,Follow-up,50–64,41,0,1,8,0,4.3,Referred
A02719,2025-08-19,Provider C,Follow-up,35–49,34,1,1,10,0,7.5,Completed
A02766,2025-08-19,Provider C,Primary care,65+,4,0,1,9,0,20.6,Completed
A02974,2025-08-19,Provider A,Primary care,65+,28,1,0,13,0,16.9,Completed
A03137,2025-08-19,Provider D,Primary care,65+,40,0,1,16,0,19.2,Completed
A00021,2025-08-20,Provider B,Behavioral health,50–64,41,2,1,10,1,,No-show
A00212,2025-08-20,Provider A,Behavioral health,65+,29,0,0,15,0,18.2,Completed
A00513,2025-08-20,Provider D,Follow-up,35–49,7,0,1,11,0,8.0,Completed
A01007,2025-08-20,Provider A,Behavioral health,65+,18,0,1,16,0,18.5,Completed
A01539,2025-08-20,Provider A,Primary care,50–64,3,0,1,9,0,13.2,Completed
A02088,2025-08-20,Provider C,Follow-up,18–34,6,0,1,13,0,29.1,Completed
A02749,2025-08-20,Provider C,Primary care,18–34,11,0,0,11,0,20.0,Completed
A02786,2025-08-20,Provider A,Follow-up,65+,41,1,1,10,1,,No-show
A02822,2025-08-20,Provider C,Follow-up,50–64,1,1,1,15,0,26.1,Completed
A03484,2025-08-20,Provider B,Follow-up,18–34,35,2,0,15,1,,No-show
A00097,2025-08-21,Provider B,Primary care,50–64,39,0,1,8,0,18.4,Completed
A00163,2025-08-21,Provider D,Follow-up,18–34,41,0,1,11,0,6.6,Completed
A00228,2025-08-21,Provider C,Primary care,35–49,6,0,0,16,0,25.2,Completed
A00573,2025-08-21,Provider A,Specialty,35–49,18,1,1,14,0,19.2,Completed
A00791,2025-08-21,Provider C,Follow-up,18–34,35,0,0,9,1,,No-show
A00832,2025-08-21,Provider A,Specialty,18–34,33,0,1,15,0,13.0,Completed
A01296,2025-08-21,Provider A,Specialty,50–64,41,0,1,14,0,17.3,Referred
A01558,2025-08-21,Provider C,Primary care,65+,29,0,0,9,0,19.0,Completed
A02775,2025-08-21,Provider C,Primary care,65+,39,3,1,8,0,29.7,Completed
A02781,2025-08-21,Provider B,Primary care,65+,9,1,1,15,0,17.1,Referred
A02993,2025-08-21,Provider C,Primary care,50–64,31,0,1,16,0,22.2,Completed
A03053,2025-08-21,Provider A,Specialty,35–49,44,0,1,9,0,16.9,Completed
A03315,2025-08-21,Provider B,Follow-up,35–49,8,0,1,9,0,5.5,Completed
A03554,2025-08-21,Provider C,Specialty,18–34,16,1,1,14,0,28.4,Completed
A00066,2025-08-22,Provider D,Primary care,65+,24,0,1,11,0,5.1,Completed
A00226,2025-08-22,Provider C,Behavioral health,65+,38,0,1,9,0,18.9,Completed
A00747,2025-08-22,Provider C,Behavioral health,35–49,44,1,0,10,1,,No-show
A00811,2025-08-22,Provider C,Behavioral health,65+,29,0,1,14,1,,No-show
A02295,2025-08-22,Provider C,Primary care,50–64,22,0,1,8,0,13.6,Completed
A02836,2025-08-22,Provider A,Primary care,35–49,8,0,1,15,0,17.4,Completed
A03145,2025-08-22,Provider A,Primary care,18–34,12,2,1,14,0,12.1,Completed
A03238,2025-08-22,Provider B,Primary care,50–64,36,0,1,13,0,2.6,Completed
A00224,2025-08-23,Provider D,Specialty,65+,23,1,0,10,0,11.4,Completed
A00689,2025-08-23,Provider A,Follow-up,18–34,5,0,1,16,0,23.1,Completed
A00888,2025-08-23,Provider B,Behavioral health,65+,24,0,1,15,1,,No-show
A01225,2025-08-23,Provider C,Specialty,50–64,20,1,1,10,0,16.5,Completed
A01764,2025-08-23,Provider A,Specialty,65+,5,2,1,16,0,13.9,Completed
A01932,2025-08-23,Provider B,Primary care,65+,38,1,1,11,1,,No-show
A01992,2025-08-23,Provider C,Follow-up,35–49,8,0,1,8,0,11.6,Completed
A02227,2025-08-23,Provider C,Follow-up,65+,36,0,1,14,0,26.2,Completed
A02418,2025-08-23,Provider B,Primary care,18–34,2,0,1,13,0,12.4,Completed
A02556,2025-08-23,Provider B,Primary care,65+,10,2,1,9,0,11.4,Referred
A02779,2025-08-23,Provider C,Specialty,50–64,9,0,1,13,0,25.3,Completed
A03295,2025-08-23,Provider B,Primary care,65+,16,0,0,10,1,,No-show
A00105,2025-08-24,Provider B,Behavioral health,65+,4,1,0,14,1,,No-show
A00234,2025-08-24,Provider A,Follow-up,18–34,5,0,1,14,0,12.1,Completed
A00547,2025-08-24,Provider B,Primary care,50–64,28,0,1,15,0,21.8,Completed
A00641,2025-08-24,Provider A,Primary care,65+,38,0,1,8,0,9.6,Completed
A00764,2025-08-24,Provider D,Behavioral health,18–34,24,0,1,15,0,23.8,Completed
A00980,2025-08-24,Provider B,Specialty,18–34,8,0,1,15,0,12.9,Completed
A01045,2025-08-24,Provider B,Primary care,35–49,2,0,1,14,0,15.5,Completed
A01474,2025-08-24,Provider D,Primary care,18–34,21,0,1,10,0,8.4,Completed
A01587,2025-08-24,Provider D,Specialty,35–49,23,0,1,11,0,2.2,Completed
A01712,2025-08-24,Provider A,Behavioral health,35–49,26,0,1,16,0,12.7,Completed
A01766,2025-08-24,Provider B,Follow-up,35–49,2,0,1,16,0,10.2,Completed
A01789,2025-08-24,Provider C,Primary care,18–34,40,2,1,13,1,,No-show
A02219,2025-08-24,Provider C,Primary care,18–34,40,0,1,8,0,16.7,Completed
A03526,2025-08-24,Provider A,Specialty,35–49,2,0,1,16,0,14.9,Completed
A03543,2025-08-24,Provider D,Specialty,65+,44,0,0,14,1,,No-show
A03546,2025-08-24,Provider A,Primary care,50–64,20,3,0,16,1,,No-show
A00542,2025-08-25,Provider A,Behavioral health,65+,30,0,1,14,0,7.4,Completed
A00778,2025-08-25,Provider B,Behavioral health,35–49,43,0,1,8,1,,No-show
A00904,2025-08-25,Provider D,Behavioral health,65+,5,0,1,11,0,15.9,Completed
A01074,2025-08-25,Provider B,Primary care,65+,7,0,1,10,0,14.4,Completed
A01369,2025-08-25,Provider A,Follow-up,65+,39,0,1,8,0,19.2,Completed
A02260,2025-08-25,Provider B,Specialty,18–34,16,0,0,9,0,10.7,Completed
A02785,2025-08-25,Provider D,Primary care,50–64,30,0,1,10,0,10.4,Referred
A02859,2025-08-25,Provider A,Primary care,18–34,24,1,1,10,0,11.5,Completed
A03404,2025-08-25,Provider C,Follow-up,65+,27,1,1,9,0,24.6,Completed
A00344,2025-08-26,Provider B,Follow-up,18–34,20,0,1,15,0,20.3,Completed
A00603,2025-08-26,Provider B,Primary care,50–64,12,0,1,10,0,20.8,Completed
A00807,2025-08-26,Provider A,Follow-up,18–34,27,0,1,9,1,,No-show
A01491,2025-08-26,Provider B,Primary care,18–34,40,1,1,9,0,15.5,Completed
A01640,2025-08-26,Provider B,Behavioral health,65+,27,0,1,13,0,6.5,Completed
A01994,2025-08-26,Provider D,Behavioral health,35–49,45,0,1,10,0,11.4,Completed
A02175,2025-08-26,Provider A,Primary care,50–64,28,0,1,16,0,11.7,Completed
A02898,2025-08-26,Provider B,Primary care,50–64,32,0,1,15,0,17.7,Completed
A02946,2025-08-26,Provider C,Primary care,50–64,16,2,1,14,0,12.9,Completed
A03120,2025-08-26,Provider C,Specialty,50–64,32,0,1,11,0,15.4,Completed
A03156,2025-08-26,Provider C,Primary care,35–49,40,0,1,16,0,21.4,Completed
A03440,2025-08-26,Provider D,Behavioral health,65+,31,1,0,9,0,8.3,Completed
A03442,2025-08-26,Provider A,Follow-up,18–34,25,0,0,16,0,15.9,Completed
A03479,2025-08-26,Provider C,Follow-up,65+,5,0,1,10,0,20.6,Completed
A03500,2025-08-26,Provider A,Follow-up,65+,28,0,1,8,0,14.9,Completed
A03567,2025-08-26,Provider B,Primary care,65+,38,0,1,15,0,20.3,Completed
A01282,2025-08-27,Provider A,Behavioral health,50–64,32,0,1,11,1,,No-show
A01330,2025-08-27,Provider D,Follow-up,50–64,37,0,1,15,0,20.5,Completed
A01343,2025-08-27,Provider C,Primary care,18–34,44,0,0,15,0,29.7,Completed
A01503,2025-08-27,Provider D,Primary care,65+,33,0,1,15,0,12.2,Referred
A01520,2025-08-27,Provider D,Behavioral health,35–49,40,0,1,16,0,6.0,Completed
A01776,2025-08-27,Provider C,Primary care,65+,24,1,1,16,0,19.4,Referred
A02093,2025-08-27,Provider D,Specialty,35–49,19,1,1,8,0,10.7,Referred
A03168,2025-08-27,Provider D,Primary care,35–49,32,0,1,9,1,,No-show
A03261,2025-08-27,Provider D,Primary care,18–34,43,0,0,8,0,9.9,Completed
A03351,2025-08-27,Provider D,Primary care,18–34,15,0,1,13,0,4.9,Completed
A00364,2025-08-28,Provider C,Follow-up,18–34,27,0,1,8,0,16.2,Completed
A00457,2025-08-28,Provider D,Specialty,35–49,19,1,0,14,0,18.6,Completed
A00959,2025-08-28,Provider B,Primary care,18–34,17,1,1,9,0,0.0,Completed
A01028,2025-08-28,Provider B,Follow-up,35–49,38,1,1,8,0,11.3,Completed
A01379,2025-08-28,Provider A,Primary care,65+,5,0,0,14,0,16.7,Completed
A01882,2025-08-28,Provider D,Primary care,18–34,37,0,1,10,0,2.0,Completed
A02230,2025-08-28,Provider A,Primary care,65+,4,1,1,10,0,16.1,Completed
A03263,2025-08-28,Provider A,Primary care,65+,8,0,1,16,0,31.1,Completed
A00416,2025-08-29,Provider D,Primary care,50–64,40,2,0,14,0,1.5,Completed
A00902,2025-08-29,Provider A,Behavioral health,35–49,5,0,1,9,0,4.4,Completed
A01068,2025-08-29,Provider A,Specialty,50–64,15,1,1,11,0,5.9,Completed
A01222,2025-08-29,Provider D,Behavioral health,18–34,44,1,1,14,0,12.8,Completed
A01790,2025-08-29,Provider D,Behavioral health,65+,34,0,1,13,0,2.4,Completed
A02821,2025-08-29,Provider B,Primary care,18–34,24,0,1,10,0,8.9,Completed
A02853,2025-08-29,Provider A,Follow-up,50–64,30,2,1,8,1,,No-show
A03057,2025-08-29,Provider D,Behavioral health,35–49,9,0,1,11,0,11.4,Referred
A03348,2025-08-29,Provider B,Primary care,65+,18,0,0,13,0,5.1,Completed
A03563,2025-08-29,Provider B,Behavioral health,65+,36,0,1,9,0,14.1,Completed
A03592,2025-08-29,Provider A,Primary care,35–49,34,0,0,15,1,,No-show
A00028,2025-08-30,Provider C,Primary care,18–34,25,0,1,14,0,37.6,Completed
A00971,2025-08-30,Provider D,Follow-up,35–49,22,0,0,15,0,17.8,Completed
A01005,2025-08-30,Provider C,Primary care,50–64,39,0,0,11,0,27.1,Completed
A01073,2025-08-30,Provider C,Primary care,50–64,26,0,1,13,0,16.3,Completed
A01244,2025-08-30,Provider C,Follow-up,50–64,4,0,1,11,0,25.6,Completed
A01915,2025-08-30,Provider D,Follow-up,18–34,26,0,1,8,0,8.8,Completed
A02147,2025-08-30,Provider A,Behavioral health,18–34,42,0,0,10,0,4.3,Completed
A02697,2025-08-30,Provider D,Primary care,65+,13,0,0,16,0,19.8,Completed
A03118,2025-08-30,Provider C,Follow-up,35–49,2,1,0,10,0,15.5,Referred
A03126,2025-08-30,Provider A,Follow-up,18–34,32,1,1,9,0,4.6,Referred
A00411,2025-08-31,Provider C,Primary care,50–64,26,0,0,14,0,25.7,Completed
A00855,2025-08-31,Provider C,Specialty,35–49,37,0,1,8,0,19.9,Completed
A01760,2025-08-31,Provider C,Primary care,18–34,14,2,1,16,0,27.2,Completed
A02489,2025-08-31,Provider B,Primary care,65+,31,0,1,10,0,6.9,Completed
A02553,2025-08-31,Provider A,Follow-up,50–64,14,0,1,13,0,12.7,Completed
A03096,2025-08-31,Provider C,Behavioral health,35–49,7,0,1,15,1,,No-show
A03574,2025-08-31,Provider D,Follow-up,50–64,4,0,1,14,0,15.0,Completed
A00847,2025-09-01,Provider A,Follow-up,65+,11,0,1,13,0,2.2,Completed
A00995,2025-09-01,Provider B,Follow-up,18–34,19,1,0,15,0,16.2,Completed
A01010,2025-09-01,Provider B,Primary care,50–64,2,0,1,13,0,4.4,Completed
A01498,2025-09-01,Provider C,Follow-up,18–34,16,2,1,10,0,17.4,Completed
A01543,2025-09-01,Provider D,Primary care,18–34,44,0,1,8,0,7.8,Completed
A01610,2025-09-01,Provider D,Behavioral health,50–64,29,0,1,8,0,15.3,Completed
A02187,2025-09-01,Provider D,Specialty,65+,23,3,1,8,0,8.8,Completed
A02691,2025-09-01,Provider B,Follow-up,18–34,4,0,0,13,0,13.7,Completed
A02774,2025-09-01,Provider D,Primary care,35–49,12,0,1,16,0,25.7,Completed
A02789,2025-09-01,Provider B,Primary care,35–49,13,0,1,10,0,18.1,Completed
A03037,2025-09-01,Provider D,Specialty,18–34,29,1,0,13,0,5.8,Completed
A03193,2025-09-01,Provider A,Specialty,65+,45,0,0,9,1,,No-show
A03288,2025-09-01,Provider A,Follow-up,18–34,41,2,1,13,0,18.8,Completed
A00006,2025-09-02,Provider D,Follow-up,Unknown,18,0,1,14,0,15.3,Completed
A00070,2025-09-02,Provider D,Behavioral health,65+,16,1,1,13,0,9.6,Referred
A00241,2025-09-02,Provider C,Primary care,18–34,14,0,1,8,0,16.7,Completed
A00261,2025-09-02,Provider D,Follow-up,65+,37,1,1,13,0,12.5,Completed
A00450,2025-09-02,Provider D,Follow-up,65+,45,1,0,16,0,18.6,Referred
A01020,2025-09-02,Provider A,Primary care,65+,25,0,1,15,0,15.3,Completed
A01142,2025-09-02,Provider A,Follow-up,35–49,30,1,1,14,0,5.2,Completed
A01203,2025-09-02,Provider D,Behavioral health,35–49,43,1,0,15,0,20.5,Completed
A01546,2025-09-02,Provider D,Primary care,18–34,16,0,1,11,0,10.5,Completed
A02579,2025-09-02,Provider A,Behavioral health,18–34,15,1,0,10,0,7.1,Completed
A03167,2025-09-02,Provider D,Primary care,50–64,7,2,1,15,0,8.6,Completed
A03503,2025-09-02,Provider B,Primary care,18–34,25,0,1,8,0,13.9,Completed
A00326,2025-09-03,Provider A,Behavioral health,18–34,40,3,0,9,0,8.4,Completed
A01510,2025-09-03,Provider D,Specialty,50–64,33,0,1,16,0,16.1,Completed
A02138,2025-09-03,Provider D,Follow-up,18–34,27,0,0,15,0,12.4,Completed
A02724,2025-09-03,Provider A,Behavioral health,50–64,40,0,0,13,1,,No-show
A02813,2025-09-03,Provider A,Behavioral health,50–64,23,1,0,9,0,4.9,Completed
A02937,2025-09-03,Provider A,Follow-up,18–34,38,1,1,11,0,9.1,Completed
A03297,2025-09-03,Provider C,Specialty,18–34,25,0,1,10,0,22.8,Completed
A03507,2025-09-03,Provider D,Specialty,35–49,42,0,0,11,0,15.8,Completed
A00555,2025-09-04,Provider C,Follow-up,18–34,4,2,1,13,0,28.5,Completed
A00913,2025-09-04,Provider D,Follow-up,35–49,2,0,1,13,0,15.7,Completed
A01179,2025-09-04,Provider A,Behavioral health,18–34,16,0,1,11,0,8.1,Completed
A01265,2025-09-04,Provider C,Behavioral health,50–64,9,0,0,8,0,16.4,Completed
A01775,2025-09-04,Provider D,Specialty,18–34,28,2,1,15,1,,No-show
A01988,2025-09-04,Provider A,Primary care,35–49,20,1,0,9,1,,No-show
A02100,2025-09-04,Provider B,Follow-up,35–49,34,0,1,9,0,9.0,Completed
A02760,2025-09-04,Provider B,Primary care,50–64,16,0,0,14,0,9.6,Completed
A02843,2025-09-04,Provider D,Primary care,18–34,19,0,1,16,0,19.3,Completed
A02949,2025-09-04,Provider B,Follow-up,50–64,38,0,1,8,0,4.5,Completed
A02979,2025-09-04,Provider A,Follow-up,50–64,1,1,1,15,0,15.8,Completed
A03564,2025-09-04,Provider C,Follow-up,18–34,11,0,1,8,0,27.2,Referred
A00080,2025-09-05,Provider C,Behavioral health,65+,41,1,1,11,0,32.7,Completed
A00303,2025-09-05,Provider B,Primary care,50–64,29,2,0,14,1,,No-show
A00676,2025-09-05,Provider C,Behavioral health,65+,15,1,1,11,0,22.9,Completed
A00806,2025-09-05,Provider C,Specialty,18–34,27,1,1,11,0,23.6,Completed
A01021,2025-09-05,Provider C,Follow-up,35–49,31,1,1,16,0,20.4,Completed
A01114,2025-09-05,Provider B,Follow-up,18–34,6,0,1,10,0,9.0,Completed
A01294,2025-09-05,Provider C,Behavioral health,50–64,41,0,1,9,0,17.2,Completed
A01387,2025-09-05,Provider A,Primary care,65+,35,0,1,10,0,8.3,Completed
A01833,2025-09-05,Provider C,Follow-up,65+,32,0,1,8,0,24.3,Completed
A02373,2025-09-05,Provider D,Behavioral health,35–49,38,2,1,9,0,7.7,Completed
A02442,2025-09-05,Provider D,Specialty,65+,16,0,1,16,0,13.6,Completed
A03188,2025-09-05,Provider D,Primary care,18–34,12,0,1,11,0,9.3,Completed
A00051,2025-09-06,Provider D,Primary care,65+,12,0,0,9,0,12.6,Completed
A00160,2025-09-06,Provider A,Specialty,65+,23,0,1,13,0,9.9,Completed
A00437,2025-09-06,Provider B,Primary care,65+,1,0,0,13,0,2.1,Completed
A00654,2025-09-06,Provider B,Follow-up,18–34,33,0,1,15,0,16.5,Completed
A00951,2025-09-06,Provider B,Follow-up,50–64,28,0,1,13,0,7.9,Completed
A01566,2025-09-06,Provider C,Primary care,35–49,2,1,1,11,0,24.4,Completed
A02372,2025-09-06,Provider D,Primary care,18–34,16,0,0,15,0,15.7,Completed
A02487,2025-09-06,Provider B,Behavioral health,35–49,41,1,1,15,0,13.2,Completed
A02747,2025-09-06,Provider C,Follow-up,18–34,24,0,0,13,0,19.8,Referred
A03299,2025-09-06,Provider C,Primary care,65+,9,1,1,10,0,9.8,Completed
A00225,2025-09-07,Provider B,Follow-up,35–49,34,3,1,16,0,18.8,Completed
A00580,2025-09-07,Provider C,Specialty,35–49,15,0,1,11,0,20.5,Completed
A00955,2025-09-07,Provider D,Follow-up,35–49,41,0,0,11,0,11.0,Completed
A01437,2025-09-07,Provider A,Primary care,65+,23,0,1,15,0,10.5,Completed
A01934,2025-09-07,Provider A,Primary care,35–49,3,0,1,13,0,6.8,Completed
A01945,2025-09-07,Provider B,Primary care,65+,41,0,1,14,0,11.5,Completed
A02450,2025-09-07,Provider A,Primary care,35–49,1,0,1,15,0,14.5,Completed
A02527,2025-09-07,Provider D,Follow-up,35–49,20,0,1,9,0,7.8,Completed
A02778,2025-09-07,Provider B,Primary care,35–49,42,2,1,11,0,7.4,Completed
A02928,2025-09-07,Provider A,Specialty,35–49,4,0,1,10,0,14.5,Completed
A03112,2025-09-07,Provider B,Follow-up,18–34,1,0,1,10,0,14.0,Completed
A00655,2025-09-08,Provider B,Primary care,18–34,32,0,1,14,0,27.1,Completed
A00675,2025-09-08,Provider C,Specialty,50–64,39,0,0,10,0,19.8,Completed
A01238,2025-09-08,Provider B,Follow-up,50–64,13,1,0,10,0,7.7,Completed
A01931,2025-09-08,Provider C,Specialty,65+,34,2,0,14,0,26.1,Completed
A01938,2025-09-08,Provider B,Behavioral health,18–34,4,2,1,14,0,18.2,Completed
A02040,2025-09-08,Provider B,Specialty,65+,45,0,1,8,0,13.7,Completed
A02292,2025-09-08,Provider B,Primary care,65+,20,1,0,9,1,,No-show
A02599,2025-09-08,Provider B,Follow-up,35–49,22,0,1,16,0,19.7,Completed
A03189,2025-09-08,Provider D,Behavioral health,65+,14,1,1,9,0,15.4,Completed
A03316,2025-09-08,Provider D,Specialty,35–49,11,1,1,13,0,6.0,Completed
A00874,2025-09-09,Provider C,Primary care,50–64,15,0,1,10,0,16.7,Completed
A01808,2025-09-09,Provider C,Primary care,35–49,20,0,1,9,0,16.4,Completed
A02253,2025-09-09,Provider B,Primary care,18–34,7,0,1,16,0,19.0,Completed
A02844,2025-09-09,Provider B,Follow-up,50–64,2,0,1,11,0,13.2,Referred
A00273,2025-09-10,Provider C,Follow-up,35–49,1,0,0,11,0,22.2,Completed
A00766,2025-09-10,Provider C,Behavioral health,65+,28,0,1,14,1,,No-show
A00876,2025-09-10,Provider D,Specialty,18–34,28,0,1,8,0,18.4,Completed
A00878,2025-09-10,Provider B,Primary care,50–64,9,0,1,13,0,11.4,Completed
A00903,2025-09-10,Provider D,Primary care,50–64,14,2,0,13,0,9.5,Completed
A01095,2025-09-10,Provider B,Follow-up,18–34,4,0,0,16,0,13.7,Completed
A01204,2025-09-10,Provider D,Follow-up,50–64,23,0,1,8,0,13.6,Completed
A01248,2025-09-10,Provider D,Behavioral health,18–34,42,1,0,8,1,,No-show
A01409,2025-09-10,Provider B,Behavioral health,18–34,33,0,1,14,0,8.8,Referred
A02167,2025-09-10,Provider D,Specialty,50–64,23,0,1,16,0,24.1,Completed
A02393,2025-09-10,Provider C,Follow-up,65+,10,0,1,13,0,15.5,Completed
A02713,2025-09-10,Provider B,Primary care,50–64,39,2,1,9,1,,No-show
A02830,2025-09-10,Provider A,Primary care,50–64,38,1,0,11,0,11.2,Completed
A02884,2025-09-10,Provider C,Specialty,50–64,1,0,1,11,0,11.8,Completed
A03260,2025-09-10,Provider C,Behavioral health,65+,5,0,1,8,0,20.4,Completed
A00405,2025-09-11,Provider A,Primary care,50–64,21,0,1,10,0,11.7,Completed
A00527,2025-09-11,Provider C,Primary care,50–64,23,1,0,16,0,30.6,Completed
A00590,2025-09-11,Provider C,Primary care,18–34,31,0,1,13,0,26.0,Completed
A00643,2025-09-11,Provider B,Behavioral health,65+,25,2,1,8,1,,No-show
A00935,2025-09-11,Provider D,Behavioral health,18–34,16,0,1,14,0,16.2,Completed
A01916,2025-09-11,Provider A,Behavioral health,35–49,25,0,1,13,1,,No-show
A02086,2025-09-11,Provider C,Primary care,50–64,6,1,1,13,0,32.4,Completed
A02953,2025-09-11,Provider C,Primary care,18–34,27,1,1,13,0,25.2,Completed
A00366,2025-09-12,Provider C,Primary care,50–64,15,0,1,10,0,14.9,Completed
A00647,2025-09-12,Provider C,Follow-up,35–49,6,0,0,14,0,26.8,Referred
A01000,2025-09-12,Provider C,Primary care,65+,10,2,1,16,1,,No-show
A01673,2025-09-12,Provider C,Follow-up,50–64,24,2,1,13,0,22.3,Completed
A02022,2025-09-12,Provider C,Primary care,18–34,32,0,1,9,1,,No-show
A02074,2025-09-12,Provider D,Behavioral health,50–64,1,0,1,15,0,7.1,Completed
A02506,2025-09-12,Provider C,Primary care,50–64,2,0,1,8,0,22.5,Completed
A02541,2025-09-12,Provider B,Primary care,50–64,31,0,0,8,0,3.7,Completed
A02816,2025-09-12,Provider D,Specialty,65+,6,0,1,8,0,0.0,Completed
A02854,2025-09-12,Provider B,Primary care,35–49,16,0,1,16,0,7.8,Completed
A03320,2025-09-12,Provider C,Behavioral health,18–34,18,0,0,15,0,27.7,Completed
A03481,2025-09-12,Provider D,Primary care,65+,12,0,1,13,0,7.2,Completed
A00510,2025-09-13,Provider A,Follow-up,65+,9,1,1,9,0,13.7,Completed
A00518,2025-09-13,Provider A,Behavioral health,18–34,28,0,0,16,0,11.4,Referred
A00591,2025-09-13,Provider D,Follow-up,50–64,38,1,1,8,1,,No-show
A00843,2025-09-13,Provider A,Follow-up,18–34,44,1,1,13,0,6.8,Completed
A00881,2025-09-13,Provider D,Specialty,50–64,1,1,1,9,0,15.9,Completed
A01207,2025-09-13,Provider A,Follow-up,35–49,21,0,1,13,0,9.8,Completed
A01600,2025-09-13,Provider C,Primary care,65+,34,0,1,11,0,20.9,Completed
A02067,2025-09-13,Provider C,Follow-up,65+,37,0,0,10,0,23.2,Completed
A03414,2025-09-13,Provider C,Primary care,35–49,26,1,1,14,0,22.9,Completed
A03511,2025-09-13,Provider A,Specialty,35–49,9,1,1,8,0,3.6,Completed
A00305,2025-09-14,Provider A,Follow-up,65+,17,0,1,9,0,16.6,Completed
A00499,2025-09-14,Provider D,Follow-up,50–64,27,0,0,16,0,18.0,Completed
A01111,2025-09-14,Provider A,Follow-up,35–49,25,1,1,8,0,16.7,Completed
A01217,2025-09-14,Provider B,Primary care,50–64,17,3,1,11,0,9.4,Completed
A01702,2025-09-14,Provider D,Specialty,18–34,38,0,1,10,0,19.3,Completed
A02084,2025-09-14,Provider D,Primary care,65+,43,0,1,8,0,15.8,Completed
A02278,2025-09-14,Provider A,Follow-up,65+,41,0,0,15,0,14.9,Completed
A02337,2025-09-14,Provider D,Primary care,18–34,31,0,1,9,0,14.7,Completed
A03448,2025-09-14,Provider D,Behavioral health,50–64,31,1,1,8,1,,No-show
A03565,2025-09-14,Provider A,Follow-up,35–49,29,2,0,10,1,,No-show
A00704,2025-09-15,Provider D,Behavioral health,50–64,4,1,1,11,0,14.2,Completed
A00760,2025-09-15,Provider B,Follow-up,18–34,2,0,1,8,0,8.7,Completed
A00844,2025-09-15,Provider B,Primary care,50–64,32,0,1,10,0,8.7,Completed
A01083,2025-09-15,Provider C,Primary care,50–64,9,1,1,15,1,,No-show
A01221,2025-09-15,Provider C,Behavioral health,35–49,44,0,1,8,0,11.5,Completed
A01274,2025-09-15,Provider B,Primary care,50–64,22,0,1,10,0,16.9,Completed
A01303,2025-09-15,Provider A,Follow-up,35–49,28,0,1,8,0,11.4,Completed
A01399,2025-09-15,Provider B,Behavioral health,18–34,4,1,1,16,1,,No-show
A01480,2025-09-15,Provider A,Follow-up,18–34,33,0,0,8,0,9.0,Completed
A01977,2025-09-15,Provider B,Primary care,35–49,2,0,1,9,0,7.6,Completed
A02131,2025-09-15,Provider B,Follow-up,65+,23,0,0,8,0,1.4,Completed
A02268,2025-09-15,Provider D,Primary care,50–64,41,0,1,8,0,6.1,Completed
A02457,2025-09-15,Provider C,Follow-up,18–34,22,1,1,13,0,15.5,Completed
A03397,2025-09-15,Provider A,Follow-up,35–49,21,0,0,8,0,16.7,Completed
A03441,2025-09-15,Provider A,Primary care,35–49,39,1,1,10,0,6.5,Completed
A00328,2025-09-16,Provider C,Primary care,18–34,29,3,1,10,1,,No-show
A00331,2025-09-16,Provider B,Follow-up,65+,2,0,1,10,0,17.8,Completed
A00929,2025-09-16,Provider A,Behavioral health,18–34,36,0,1,16,0,22.3,Completed
A01160,2025-09-16,Provider D,Specialty,50–64,43,0,1,8,0,7.3,Completed
A01308,2025-09-16,Provider D,Behavioral health,65+,18,1,1,14,0,17.9,Completed
A02000,2025-09-16,Provider D,Behavioral health,65+,14,2,1,11,1,,No-show
A02415,2025-09-16,Provider D,Specialty,50–64,41,0,1,10,0,13.0,Completed
A02639,2025-09-16,Provider A,Follow-up,18–34,23,0,1,14,0,4.5,Completed
A02899,2025-09-16,Provider B,Primary care,18–34,36,0,0,16,0,14.2,Completed
A03254,2025-09-16,Provider C,Specialty,18–34,3,0,0,14,0,26.4,Completed
A00081,2025-09-17,Provider C,Behavioral health,50–64,6,2,1,10,0,12.5,Completed
A00116,2025-09-17,Provider B,Primary care,65+,12,0,0,8,0,9.2,Completed
A00594,2025-09-17,Provider B,Follow-up,35–49,10,0,1,8,0,5.6,Completed
A00680,2025-09-17,Provider A,Primary care,18–34,20,1,1,16,0,11.4,Completed
A01148,2025-09-17,Provider B,Primary care,65+,16,2,1,13,0,9.2,Completed
A01564,2025-09-17,Provider B,Specialty,65+,29,0,1,15,0,20.5,Completed
A01949,2025-09-17,Provider A,Follow-up,65+,31,3,1,14,0,13.2,Referred
A02195,2025-09-17,Provider D,Follow-up,35–49,17,2,1,10,0,15.1,Completed
A02340,2025-09-17,Provider B,Follow-up,50–64,6,0,1,16,0,12.2,Completed
A02420,2025-09-17,Provider C,Primary care,65+,14,0,1,14,0,25.6,Referred
A02443,2025-09-17,Provider A,Follow-up,18–34,40,1,1,14,0,18.8,Completed
A03290,2025-09-17,Provider D,Behavioral health,35–49,21,1,1,16,0,20.5,Completed
A00125,2025-09-18,Provider B,Follow-up,50–64,18,0,1,11,0,14.1,Completed
A00593,2025-09-18,Provider D,Behavioral health,18–34,29,0,0,10,0,10.1,Completed
A00948,2025-09-18,Provider A,Follow-up,35–49,34,0,0,8,0,15.9,Completed
A01022,2025-09-18,Provider B,Behavioral health,65+,29,0,1,10,0,4.5,Completed
A01143,2025-09-18,Provider A,Follow-up,18–34,41,0,1,14,0,9.6,Completed
A01257,2025-09-18,Provider A,Primary care,18–34,21,2,1,10,0,10.4,Completed
A01514,2025-09-18,Provider D,Behavioral health,35–49,19,1,1,11,0,16.4,Completed
A03047,2025-09-18,Provider A,Follow-up,50–64,32,0,0,16,0,11.5,Completed
A03082,2025-09-18,Provider C,Primary care,50–64,35,1,1,10,0,14.6,Completed
A03162,2025-09-18,Provider B,Primary care,18–34,44,0,1,13,0,4.1,Completed
A00048,2025-09-19,Provider A,Follow-up,18–34,6,0,1,13,0,2.0,Completed
A00503,2025-09-19,Provider C,Primary care,18–34,19,0,1,16,0,27.1,Completed
A01368,2025-09-19,Provider C,Specialty,50–64,3,1,1,9,0,20.3,Completed
A01922,2025-09-19,Provider C,Specialty,65+,33,0,1,13,0,15.0,Completed
A02023,2025-09-19,Provider A,Primary care,18–34,15,0,1,8,0,15.2,Completed
A02441,2025-09-19,Provider A,Primary care,50–64,31,0,1,11,0,14.2,Completed
A03547,2025-09-19,Provider C,Follow-up,65+,33,0,1,11,0,12.0,Completed
A00268,2025-09-20,Provider D,Specialty,65+,21,1,1,15,1,,No-show
A01360,2025-09-20,Provider D,Follow-up,65+,1,2,1,11,1,,No-show
A02619,2025-09-20,Provider C,Follow-up,18–34,26,2,1,16,0,21.2,Completed
A02950,2025-09-20,Provider A,Follow-up,50–64,14,0,1,16,1,,No-show
A03313,2025-09-20,Provider A,Primary care,50–64,20,0,1,9,0,1.0,Completed
A03587,2025-09-20,Provider A,Primary care,50–64,38,0,1,15,1,,No-show
A00158,2025-09-21,Provider C,Follow-up,50–64,12,1,0,9,0,27.7,Referred
A01041,2025-09-21,Provider D,Follow-up,50–64,23,2,1,11,0,16.9,Completed
A01156,2025-09-21,Provider A,Follow-up,18–34,20,0,0,11,0,9.4,Completed
A01287,2025-09-21,Provider D,Primary care,50–64,12,0,1,16,0,19.2,Completed
A01488,2025-09-21,Provider C,Primary care,65+,11,0,1,10,0,20.0,Referred
A01592,2025-09-21,Provider D,Primary care,35–49,29,0,1,11,0,22.4,Completed
A01720,2025-09-21,Provider D,Primary care,50–64,36,0,1,16,0,12.3,Completed
A02296,2025-09-21,Provider A,Primary care,35–49,4,0,1,8,0,9.6,Completed
A02662,2025-09-21,Provider B,Follow-up,65+,42,0,1,8,0,17.1,Completed
A02753,2025-09-21,Provider A,Specialty,18–34,22,0,0,13,0,10.2,Completed
A02761,2025-09-21,Provider A,Specialty,65+,31,1,1,13,0,13.1,Completed
A02905,2025-09-21,Provider B,Behavioral health,50–64,20,3,1,14,0,14.9,Referred
A00042,2025-09-22,Provider C,Specialty,50–64,7,2,0,11,0,16.5,Referred
A00173,2025-09-22,Provider A,Follow-up,18–34,33,2,1,11,1,,No-show
A00642,2025-09-22,Provider C,Specialty,35–49,14,0,1,11,0,23.8,Completed
A01317,2025-09-22,Provider B,Follow-up,18–34,30,0,1,8,0,18.7,Referred
A01921,2025-09-22,Provider D,Primary care,18–34,41,1,1,11,1,,No-show
A02018,2025-09-22,Provider C,Specialty,50–64,32,0,1,11,0,17.2,Completed
A02217,2025-09-22,Provider A,Specialty,65+,5,1,1,11,1,,No-show
A02802,2025-09-22,Provider C,Primary care,35–49,5,2,0,9,0,20.8,Completed
A03021,2025-09-22,Provider D,Follow-up,65+,10,0,1,9,0,6.3,Completed
A00020,2025-09-23,Provider A,Primary care,65+,2,0,1,10,0,5.5,Referred
A00185,2025-09-23,Provider D,Follow-up,65+,38,0,1,9,0,6.9,Completed
A01006,2025-09-23,Provider D,Follow-up,50–64,42,0,1,8,0,9.7,Completed
A01318,2025-09-23,Provider A,Primary care,50–64,9,0,1,9,0,7.7,Completed
A01511,2025-09-23,Provider D,Specialty,65+,2,2,0,14,0,13.9,Completed
A01567,2025-09-23,Provider B,Primary care,50–64,21,0,0,14,0,18.8,Completed
A01728,2025-09-23,Provider A,Specialty,50–64,3,0,0,13,0,10.9,Completed
A02198,2025-09-23,Provider D,Primary care,35–49,33,2,1,8,0,14.0,Completed
A03356,2025-09-23,Provider D,Primary care,35–49,45,1,1,15,0,21.0,Completed
A02388,2025-09-24,Provider B,Follow-up,35–49,37,1,0,9,0,9.6,Completed
A02780,2025-09-24,Provider B,Behavioral health,50–64,44,0,1,14,1,,No-show
A03101,2025-09-24,Provider D,Primary care,18–34,11,3,1,10,0,12.2,Completed
A03337,2025-09-24,Provider D,Primary care,18–34,33,0,1,11,0,7.8,Completed
A00233,2025-09-25,Provider A,Behavioral health,50–64,22,0,1,14,0,16.0,Completed
A00351,2025-09-25,Provider A,Specialty,18–34,19,0,1,9,0,11.2,Referred
A00658,2025-09-25,Provider B,Follow-up,18–34,10,2,1,8,0,13.8,Completed
A00905,2025-09-25,Provider A,Primary care,50–64,34,0,1,14,0,24.3,Completed
A01385,2025-09-25,Provider B,Primary care,18–34,13,0,1,16,0,7.9,Completed
A01451,2025-09-25,Provider D,Follow-up,50–64,29,3,1,14,0,17.4,Completed
A01578,2025-09-25,Provider C,Behavioral health,65+,3,0,0,13,1,,No-show
A01703,2025-09-25,Provider A,Primary care,35–49,36,0,1,11,0,12.7,Completed
A02064,2025-09-25,Provider D,Behavioral health,18–34,35,2,0,11,0,8.7,Completed
A02642,2025-09-25,Provider A,Behavioral health,50–64,37,1,1,11,1,,No-show
A02742,2025-09-25,Provider D,Follow-up,65+,34,1,1,9,0,13.9,Completed
A03535,2025-09-25,Provider A,Specialty,65+,44,0,0,15,1,,No-show
A00039,2025-09-26,Provider B,Behavioral health,50–64,9,0,0,14,0,20.9,Completed
A00114,2025-09-26,Provider A,Follow-up,18–34,35,0,0,11,0,3.6,Completed
A00693,2025-09-26,Provider D,Primary care,65+,14,2,0,8,0,14.7,Referred
A01187,2025-09-26,Provider A,Specialty,65+,23,1,1,8,0,10.0,Completed
A01382,2025-09-26,Provider B,Behavioral health,18–34,44,0,1,15,1,,No-show
A01400,2025-09-26,Provider D,Primary care,35–49,2,0,1,15,1,,No-show
A01522,2025-09-26,Provider B,Primary care,50–64,40,0,1,13,0,7.4,Completed
A01597,2025-09-26,Provider A,Behavioral health,65+,8,2,0,11,0,9.4,Completed
A01933,2025-09-26,Provider D,Primary care,50–64,45,0,1,10,0,12.6,Completed
A02933,2025-09-26,Provider B,Follow-up,50–64,10,1,1,10,0,9.9,Completed
A03038,2025-09-26,Provider B,Primary care,18–34,1,0,1,14,0,7.8,Completed
A03132,2025-09-26,Provider D,Follow-up,65+,2,1,1,11,0,8.0,Completed
A00089,2025-09-27,Provider A,Primary care,35–49,3,0,1,9,0,8.8,Completed
A01534,2025-09-27,Provider D,Primary care,35–49,34,0,0,9,0,8.2,Completed
A01752,2025-09-27,Provider C,Follow-up,18–34,18,1,1,9,1,,No-show
A01870,2025-09-27,Provider C,Behavioral health,65+,40,0,1,9,0,13.0,Completed
A01950,2025-09-27,Provider B,Specialty,35–49,37,3,1,8,0,6.6,Completed
A02329,2025-09-27,Provider B,Follow-up,65+,30,0,0,9,0,8.1,Completed
A02431,2025-09-27,Provider B,Follow-up,18–34,35,0,1,14,1,,No-show
A02543,2025-09-27,Provider B,Primary care,35–49,44,0,1,15,0,9.0,Completed
A03300,2025-09-27,Provider B,Primary care,18–34,13,0,1,16,0,15.4,Completed
A03307,2025-09-27,Provider C,Behavioral health,35–49,32,0,1,8,1,,No-show
A00263,2025-09-28,Provider C,Behavioral health,65+,22,0,1,10,0,22.1,Completed
A01015,2025-09-28,Provider A,Behavioral health,35–49,29,1,1,15,1,,No-show
A01438,2025-09-28,Provider C,Behavioral health,35–49,9,1,0,15,0,31.6,Completed
A01452,2025-09-28,Provider D,Primary care,50–64,16,0,1,13,0,6.9,Completed
A01473,2025-09-28,Provider A,Behavioral health,65+,41,0,1,11,0,16.3,Completed
A01771,2025-09-28,Provider A,Follow-up,50–64,20,0,1,9,0,12.6,Completed
A01900,2025-09-28,Provider C,Behavioral health,35–49,21,0,1,11,0,21.2,Completed
A02683,2025-09-28,Provider A,Behavioral health,35–49,35,1,1,10,0,14.4,Completed
A02912,2025-09-28,Provider C,Primary care,35–49,45,0,1,16,0,31.0,Completed
A03013,2025-09-28,Provider B,Behavioral health,18–34,25,1,1,8,0,8.0,Completed
A03032,2025-09-28,Provider C,Follow-up,50–64,2,2,1,9,0,12.1,Completed
A03103,2025-09-28,Provider A,Behavioral health,50–64,6,0,1,11,1,,No-show
A00322,2025-09-29,Provider C,Follow-up,35–49,5,0,0,14,0,30.9,Completed
A00912,2025-09-29,Provider A,Primary care,35–49,23,1,1,10,0,0.0,Referred
A01008,2025-09-29,Provider D,Follow-up,18–34,19,1,1,16,0,21.2,Completed
A01061,2025-09-29,Provider B,Follow-up,18–34,4,0,1,10,0,10.5,Completed
A01065,2025-09-29,Provider B,Follow-up,65+,42,0,1,16,0,15.6,Completed
A01777,2025-09-29,Provider D,Primary care,65+,12,1,0,13,0,8.4,Completed
A02031,2025-09-29,Provider D,Behavioral health,18–34,27,0,0,9,0,14.9,Completed
A02149,2025-09-29,Provider B,Primary care,65+,27,1,1,9,0,5.9,Completed
A02256,2025-09-29,Provider D,Primary care,50–64,37,0,1,9,0,13.9,Completed
A02475,2025-09-29,Provider A,Behavioral health,35–49,41,2,1,15,0,22.8,Referred
A02857,2025-09-29,Provider D,Primary care,65+,41,0,0,14,0,14.7,Completed
A03230,2025-09-29,Provider D,Specialty,65+,32,0,1,11,0,10.2,Completed
A00193,2025-09-30,Provider A,Specialty,50–64,35,1,1,11,0,14.0,Completed
A00417,2025-09-30,Provider A,Follow-up,50–64,45,0,1,10,0,5.4,Completed
A00511,2025-09-30,Provider B,Primary care,65+,38,1,1,9,0,9.6,Referred
A00552,2025-09-30,Provider C,Follow-up,65+,45,0,1,16,0,26.9,Completed
A00784,2025-09-30,Provider D,Follow-up,35–49,11,1,1,14,0,20.0,Completed
A01084,2025-09-30,Provider C,Primary care,65+,20,0,1,14,0,17.5,Completed
A01185,2025-09-30,Provider D,Follow-up,50–64,11,2,0,14,0,16.0,Completed
A01226,2025-09-30,Provider B,Follow-up,65+,24,0,1,8,0,7.2,Completed
A01239,2025-09-30,Provider A,Follow-up,18–34,45,0,1,10,1,,No-show
A01524,2025-09-30,Provider D,Primary care,18–34,19,0,0,14,0,12.5,Completed
A02081,2025-09-30,Provider C,Specialty,65+,27,0,1,8,0,14.9,Completed
A02496,2025-09-30,Provider B,Behavioral health,18–34,38,0,1,15,0,15.7,Completed
A02688,2025-09-30,Provider C,Primary care,50–64,10,0,1,15,0,19.0,Completed
A02783,2025-09-30,Provider C,Follow-up,50–64,45,1,1,14,0,28.1,Completed
A03098,2025-09-30,Provider C,Primary care,50–64,28,0,1,11,0,21.7,Completed
A03472,2025-09-30,Provider C,Specialty,18–34,17,0,1,9,0,17.2,Completed
A03585,2025-09-30,Provider B,Primary care,18–34,28,2,1,13,0,2.0,Completed
A00076,2025-10-01,Provider D,Follow-up,65+,23,3,1,10,0,7.1,Completed
A01725,2025-10-01,Provider D,Follow-up,35–49,37,2,1,10,0,4.4,Completed
A02882,2025-10-01,Provider A,Behavioral health,35–49,30,1,1,13,1,,No-show
A03265,2025-10-01,Provider C,Follow-up,18–34,2,0,1,14,0,30.9,Completed
A00292,2025-10-02,Provider C,Follow-up,50–64,14,0,0,13,0,18.2,Completed
A00339,2025-10-02,Provider D,Specialty,50–64,1,0,1,11,0,15.1,Completed
A00648,2025-10-02,Provider C,Specialty,65+,27,0,1,10,0,15.6,Completed
A01350,2025-10-02,Provider A,Follow-up,50–64,15,3,1,13,0,5.4,Completed
A01478,2025-10-02,Provider D,Follow-up,18–34,39,0,1,13,0,9.0,Completed
A01532,2025-10-02,Provider B,Behavioral health,65+,23,1,1,16,0,23.0,Completed
A01533,2025-10-02,Provider C,Specialty,35–49,39,0,1,11,0,26.1,Completed
A02205,2025-10-02,Provider C,Behavioral health,18–34,25,0,0,10,0,19.5,Completed
A02562,2025-10-02,Provider D,Behavioral health,65+,40,0,0,10,0,11.2,Completed
A02731,2025-10-02,Provider C,Specialty,50–64,43,0,1,9,0,18.0,Completed
A02972,2025-10-02,Provider C,Primary care,35–49,33,0,1,10,1,,No-show
A03191,2025-10-02,Provider B,Follow-up,65+,42,0,0,14,0,9.4,Completed
A00068,2025-10-03,Provider A,Primary care,35–49,41,0,1,9,0,15.7,Completed
A00883,2025-10-03,Provider D,Follow-up,18–34,42,0,1,13,0,9.8,Referred
A01394,2025-10-03,Provider C,Primary care,65+,3,0,1,11,0,22.8,Completed
A01813,2025-10-03,Provider C,Follow-up,50–64,14,0,1,8,0,31.1,Completed
A01903,2025-10-03,Provider C,Follow-up,35–49,28,0,1,15,0,27.1,Completed
A02068,2025-10-03,Provider A,Primary care,18–34,9,2,1,10,0,4.3,Completed
A02258,2025-10-03,Provider A,Primary care,35–49,28,0,1,16,0,10.8,Completed
A02402,2025-10-03,Provider A,Follow-up,50–64,10,2,1,9,1,,No-show
A02460,2025-10-03,Provider C,Follow-up,35–49,43,0,0,15,0,24.6,Completed
A02495,2025-10-03,Provider D,Primary care,50–64,12,3,0,8,1,,No-show
A02829,2025-10-03,Provider B,Primary care,50–64,41,0,1,16,0,14.3,Completed
A02947,2025-10-03,Provider A,Specialty,50–64,9,0,1,13,0,15.8,Completed
A03099,2025-10-03,Provider D,Behavioral health,65+,15,0,1,10,0,7.4,Completed
A03180,2025-10-03,Provider B,Primary care,35–49,36,0,1,9,0,4.3,Referred
A00473,2025-10-04,Provider C,Behavioral health,35–49,5,1,0,10,0,27.8,Completed
A01267,2025-10-04,Provider A,Primary care,65+,31,0,0,13,1,,No-show
A01937,2025-10-04,Provider A,Follow-up,65+,30,1,0,13,0,5.4,Completed
A02186,2025-10-04,Provider A,Primary care,65+,37,0,1,11,0,11.2,Completed
A02430,2025-10-04,Provider D,Primary care,50–64,32,0,1,16,0,14.0,Completed
A02532,2025-10-04,Provider C,Behavioral health,35–49,33,0,1,10,1,,No-show
A02661,2025-10-04,Provider A,Primary care,65+,26,0,0,9,0,12.2,Completed
A02730,2025-10-04,Provider B,Behavioral health,65+,20,1,0,8,1,,No-show
A02883,2025-10-04,Provider A,Follow-up,50–64,3,0,1,16,0,11.8,Completed
A03214,2025-10-04,Provider A,Follow-up,35–49,21,1,0,15,0,10.8,Completed
A03468,2025-10-04,Provider D,Follow-up,18–34,11,0,0,13,0,11.9,Completed
A00447,2025-10-05,Provider A,Primary care,50–64,17,0,1,16,0,22.3,Completed
A00465,2025-10-05,Provider D,Primary care,18–34,17,0,1,14,0,14.0,Completed
A00639,2025-10-05,Provider D,Primary care,65+,44,0,1,16,0,10.5,Completed
A01004,2025-10-05,Provider B,Follow-up,65+,43,1,0,13,1,,No-show
A01540,2025-10-05,Provider A,Behavioral health,18–34,9,1,0,11,0,5.4,Completed
A01751,2025-10-05,Provider A,Follow-up,35–49,12,0,0,9,0,9.5,Completed
A01951,2025-10-05,Provider B,Primary care,50–64,25,0,1,15,0,10.6,Completed
A02014,2025-10-05,Provider A,Primary care,65+,24,0,1,9,0,12.6,Completed
A02631,2025-10-05,Provider B,Specialty,35–49,13,0,0,10,0,14.4,Completed
A02672,2025-10-05,Provider D,Primary care,50–64,7,0,1,16,0,16.7,Completed
A02955,2025-10-05,Provider B,Behavioral health,65+,34,0,1,13,0,9.1,Completed
A03222,2025-10-05,Provider D,Primary care,50–64,44,0,1,8,0,7.2,Completed
A00278,2025-10-06,Provider C,Follow-up,18–34,28,0,1,14,0,21.3,Completed
A00281,2025-10-06,Provider B,Primary care,50–64,13,1,1,9,1,,No-show
A00290,2025-10-06,Provider D,Primary care,18–34,27,1,1,13,0,5.2,Completed
A00985,2025-10-06,Provider B,Follow-up,50–64,9,0,1,13,0,21.3,Completed
A01990,2025-10-06,Provider D,Primary care,35–49,15,2,1,16,1,,No-show
A02009,2025-10-06,Provider D,Primary care,18–34,13,0,1,13,0,14.4,Completed
A02041,2025-10-06,Provider A,Follow-up,50–64,5,0,1,15,0,7.0,Completed
A02349,2025-10-06,Provider C,Primary care,65+,33,0,1,13,0,26.2,Referred
A02454,2025-10-06,Provider C,Primary care,65+,26,0,1,16,0,21.5,Completed
A02907,2025-10-06,Provider A,Behavioral health,50–64,17,1,0,15,0,4.0,Completed
A02917,2025-10-06,Provider C,Primary care,65+,43,0,1,11,0,10.8,Completed
A00260,2025-10-07,Provider D,Primary care,50–64,45,1,1,10,1,,No-show
A00496,2025-10-07,Provider A,Primary care,65+,27,0,1,13,0,12.3,Completed
A01397,2025-10-07,Provider B,Follow-up,65+,15,0,1,15,0,19.9,Completed
A01787,2025-10-07,Provider C,Primary care,50–64,39,1,1,15,0,26.6,Referred
A01807,2025-10-07,Provider C,Primary care,35–49,36,0,1,9,0,22.3,Completed
A02002,2025-10-07,Provider D,Primary care,65+,33,1,0,9,0,10.4,Referred
A02297,2025-10-07,Provider B,Follow-up,35–49,24,0,1,13,1,,No-show
A02888,2025-10-07,Provider A,Primary care,35–49,4,0,0,15,0,17.6,Referred
A00762,2025-10-08,Provider A,Follow-up,35–49,26,0,0,10,0,17.2,Referred
A01011,2025-10-08,Provider B,Primary care,35–49,2,0,0,13,0,16.3,Completed
A01031,2025-10-08,Provider A,Follow-up,65+,6,0,0,14,0,22.8,Completed
A01075,2025-10-08,Provider D,Specialty,50–64,13,0,1,11,0,8.7,Referred
A02303,2025-10-08,Provider D,Follow-up,18–34,14,0,0,14,0,15.8,Completed
A02505,2025-10-08,Provider B,Primary care,50–64,33,0,1,11,0,12.7,Completed
A02565,2025-10-08,Provider A,Primary care,35–49,43,0,0,9,0,6.5,Completed
A00208,2025-10-09,Provider B,Follow-up,18–34,30,1,1,11,0,7.3,Completed
A00333,2025-10-09,Provider B,Primary care,18–34,43,1,0,9,0,8.2,Completed
A00801,2025-10-09,Provider B,Primary care,50–64,41,0,1,10,1,,No-show
A01391,2025-10-09,Provider D,Specialty,65+,45,0,1,14,1,,No-show
A01405,2025-10-09,Provider A,Primary care,50–64,36,0,1,14,0,18.4,Completed
A01852,2025-10-09,Provider D,Behavioral health,50–64,2,2,1,9,0,13.3,Completed
A03183,2025-10-09,Provider A,Primary care,50–64,14,0,1,9,0,17.8,Completed
A03317,2025-10-09,Provider B,Behavioral health,18–34,40,0,1,9,1,,No-show
A03488,2025-10-09,Provider D,Primary care,50–64,33,0,1,14,0,11.8,Completed
A03599,2025-10-09,Provider C,Behavioral health,18–34,25,0,1,11,0,14.4,Referred
A00205,2025-10-10,Provider C,Follow-up,35–49,12,0,0,13,0,20.6,Referred
A00475,2025-10-10,Provider B,Primary care,18–34,39,0,0,15,0,16.4,Completed
A00828,2025-10-10,Provider D,Follow-up,18–34,8,0,1,8,0,6.1,Completed
A01371,2025-10-10,Provider A,Behavioral health,50–64,1,0,1,11,0,11.4,Completed
A01418,2025-10-10,Provider C,Follow-up,50–64,4,0,1,9,0,16.2,Completed
A01668,2025-10-10,Provider D,Behavioral health,50–64,43,0,1,15,0,14.2,Completed
A01927,2025-10-10,Provider C,Behavioral health,50–64,12,2,1,8,1,,No-show
A02210,2025-10-10,Provider C,Primary care,65+,44,1,0,8,0,19.9,Referred
A02636,2025-10-10,Provider D,Follow-up,65+,20,0,1,14,1,,No-show
A03579,2025-10-10,Provider D,Behavioral health,50–64,42,0,1,11,0,9.6,Completed
A01054,2025-10-11,Provider B,Primary care,18–34,28,1,0,11,1,,No-show
A01724,2025-10-11,Provider D,Follow-up,65+,11,0,1,14,0,15.9,Completed
A02050,2025-10-11,Provider D,Follow-up,18–34,18,0,0,13,0,7.2,Referred
A02073,2025-10-11,Provider C,Behavioral health,35–49,45,0,1,15,0,17.8,Completed
A02094,2025-10-11,Provider B,Primary care,18–34,23,0,0,16,0,13.9,Completed
A02323,2025-10-11,Provider B,Primary care,50–64,1,0,1,11,0,6.1,Completed
A02522,2025-10-11,Provider A,Specialty,18–34,1,0,1,8,1,,No-show
A02558,2025-10-11,Provider D,Primary care,50–64,43,0,1,13,0,5.0,Completed
A03284,2025-10-11,Provider D,Behavioral health,65+,30,1,1,15,0,3.9,Completed
A03464,2025-10-11,Provider B,Follow-up,35–49,45,0,1,14,0,29.0,Completed
A00007,2025-10-12,Provider C,Follow-up,18–34,13,0,1,15,0,20.7,Completed
A00436,2025-10-12,Provider B,Follow-up,65+,4,0,0,13,0,11.8,Completed
A00529,2025-10-12,Provider C,Primary care,35–49,33,0,1,11,0,14.6,Completed
A00533,2025-10-12,Provider C,Primary care,50–64,27,0,1,10,0,20.0,Completed
A00652,2025-10-12,Provider B,Primary care,35–49,21,2,1,11,0,0.0,Completed
A01241,2025-10-12,Provider C,Follow-up,18–34,11,0,1,11,0,9.3,Completed
A01339,2025-10-12,Provider C,Follow-up,50–64,24,1,0,9,0,19.1,Referred
A01739,2025-10-12,Provider A,Follow-up,50–64,23,1,1,16,0,12.7,Completed
A02486,2025-10-12,Provider A,Follow-up,35–49,39,0,1,14,0,15.2,Referred
A02684,2025-10-12,Provider D,Behavioral health,35–49,23,0,0,11,0,8.6,Completed
A02771,2025-10-12,Provider C,Behavioral health,65+,42,1,1,9,0,12.7,Completed
A02800,2025-10-12,Provider A,Primary care,50–64,9,0,1,16,0,10.9,Completed
A02851,2025-10-12,Provider C,Follow-up,65+,2,1,1,11,0,15.3,Completed
A00308,2025-10-13,Provider A,Behavioral health,50–64,20,0,1,9,0,14.1,Completed
A00715,2025-10-13,Provider D,Behavioral health,50–64,13,0,1,16,0,20.6,Completed
A00771,2025-10-13,Provider B,Behavioral health,65+,16,2,1,10,0,10.7,Completed
A00780,2025-10-13,Provider A,Behavioral health,35–49,22,0,1,13,1,,No-show
A01070,2025-10-13,Provider D,Specialty,50–64,40,1,0,10,0,8.3,Completed
A01122,2025-10-13,Provider C,Primary care,18–34,36,0,0,15,0,30.8,Completed
A01341,2025-10-13,Provider B,Specialty,65+,28,1,1,13,0,5.2,Completed
A01426,2025-10-13,Provider A,Behavioral health,50–64,24,0,1,15,0,10.1,Completed
A02306,2025-10-13,Provider C,Primary care,18–34,7,0,0,13,0,17.0,Completed
A02871,2025-10-13,Provider A,Follow-up,18–34,11,0,1,11,1,,No-show
A03338,2025-10-13,Provider B,Behavioral health,18–34,41,0,1,8,0,8.7,Completed
A03596,2025-10-13,Provider C,Specialty,18–34,31,0,1,13,0,25.7,Completed
A00433,2025-10-14,Provider D,Behavioral health,65+,26,0,0,15,0,10.2,Completed
A01062,2025-10-14,Provider C,Primary care,50–64,33,0,1,14,0,23.7,Completed
A01654,2025-10-14,Provider C,Follow-up,35–49,29,0,0,15,0,23.6,Completed
A01658,2025-10-14,Provider C,Follow-up,18–34,14,2,1,16,0,29.1,Completed
A01701,2025-10-14,Provider D,Specialty,35–49,44,0,0,13,0,9.9,Completed
A02298,2025-10-14,Provider B,Follow-up,35–49,36,0,0,11,0,12.0,Referred
A03136,2025-10-14,Provider C,Behavioral health,35–49,3,0,1,10,0,14.9,Completed
A00088,2025-10-15,Provider B,Follow-up,50–64,5,1,0,15,0,19.8,Referred
A00696,2025-10-15,Provider D,Primary care,18–34,43,2,0,9,1,,No-show
A01093,2025-10-15,Provider B,Behavioral health,18–34,38,1,1,16,0,7.2,Completed
A01353,2025-10-15,Provider B,Behavioral health,65+,5,0,1,11,0,13.3,Completed
A01440,2025-10-15,Provider C,Follow-up,18–34,13,0,1,16,0,25.1,Completed
A01684,2025-10-15,Provider D,Primary care,50–64,27,1,1,13,1,,No-show
A01762,2025-10-15,Provider B,Behavioral health,35–49,31,0,0,15,1,,No-show
A01948,2025-10-15,Provider D,Behavioral health,50–64,33,0,1,13,0,11.2,Completed
A02211,2025-10-15,Provider D,Behavioral health,65+,20,0,1,8,0,7.8,Completed
A02757,2025-10-15,Provider C,Follow-up,65+,12,0,1,10,0,15.3,Completed
A00136,2025-10-16,Provider C,Primary care,50–64,38,0,1,13,0,24.0,Completed
A00237,2025-10-16,Provider A,Follow-up,50–64,3,0,1,13,0,2.7,Completed
A00298,2025-10-16,Provider A,Primary care,50–64,13,0,0,13,0,17.9,Completed
A00368,2025-10-16,Provider B,Primary care,50–64,11,3,1,14,1,,No-show
A01329,2025-10-16,Provider D,Specialty,65+,12,0,1,14,0,8.6,Completed
A01356,2025-10-16,Provider B,Specialty,65+,36,2,0,13,0,7.6,Completed
A01505,2025-10-16,Provider C,Specialty,18–34,11,2,1,16,0,22.9,Completed
A01634,2025-10-16,Provider A,Primary care,65+,44,0,1,11,0,12.8,Completed
A01837,2025-10-16,Provider B,Specialty,18–34,28,0,1,16,0,8.7,Completed
A03062,2025-10-16,Provider B,Follow-up,18–34,27,0,1,11,0,1.8,Completed
A03398,2025-10-16,Provider A,Primary care,50–64,11,0,1,16,0,10.4,Completed
A03447,2025-10-16,Provider D,Specialty,65+,6,0,1,14,1,,No-show
A01196,2025-10-17,Provider B,Follow-up,65+,1,0,1,8,0,16.4,Completed
A01891,2025-10-17,Provider C,Behavioral health,35–49,20,1,1,13,0,14.3,Completed
A02674,2025-10-17,Provider A,Primary care,50–64,6,0,1,13,0,0.0,Completed
A02678,2025-10-17,Provider D,Primary care,18–34,2,0,1,8,0,13.3,Completed
A03144,2025-10-17,Provider D,Follow-up,35–49,5,0,1,10,0,10.2,Completed
A03580,2025-10-17,Provider A,Follow-up,18–34,38,0,0,10,0,7.2,Completed
A00172,2025-10-18,Provider B,Specialty,35–49,32,0,1,15,0,15.5,Completed
A00200,2025-10-18,Provider A,Primary care,35–49,12,0,0,13,0,1.1,Completed
A00649,2025-10-18,Provider D,Specialty,18–34,20,0,0,16,0,15.7,Referred
A00862,2025-10-18,Provider A,Follow-up,35–49,13,0,1,11,0,5.8,Completed
A00961,2025-10-18,Provider D,Follow-up,65+,23,0,1,16,0,8.0,Referred
A01448,2025-10-18,Provider A,Behavioral health,18–34,7,0,0,16,0,7.2,Completed
A01681,2025-10-18,Provider D,Behavioral health,18–34,23,0,0,15,0,13.1,Completed
A01818,2025-10-18,Provider A,Follow-up,35–49,20,1,1,8,0,18.2,Completed
A01847,2025-10-18,Provider B,Primary care,18–34,24,1,0,13,1,,No-show
A02154,2025-10-18,Provider B,Specialty,35–49,10,0,0,16,0,23.6,Completed
A03375,2025-10-18,Provider C,Behavioral health,50–64,43,1,1,16,1,,No-show
A03449,2025-10-18,Provider A,Primary care,65+,28,0,1,10,0,12.6,Completed
A00211,2025-10-19,Provider A,Primary care,18–34,19,2,1,8,0,11.2,Completed
A00271,2025-10-19,Provider D,Follow-up,65+,19,0,1,16,0,18.6,Completed
A00462,2025-10-19,Provider C,Primary care,35–49,20,0,1,8,0,34.2,Completed
A00522,2025-10-19,Provider D,Specialty,65+,36,1,1,13,0,26.4,Completed
A00703,2025-10-19,Provider C,Follow-up,65+,34,0,1,13,0,21.9,Completed
A00822,2025-10-19,Provider B,Primary care,35–49,27,2,1,14,0,10.0,Completed
A01843,2025-10-19,Provider A,Primary care,35–49,5,0,1,14,0,17.1,Completed
A01896,2025-10-19,Provider C,Behavioral health,35–49,29,0,1,14,0,26.8,Completed
A02125,2025-10-19,Provider C,Behavioral health,35–49,25,0,0,9,0,16.1,Completed
A03325,2025-10-19,Provider C,Primary care,35–49,31,0,1,13,0,18.4,Referred
A03364,2025-10-19,Provider A,Follow-up,50–64,28,0,0,14,0,15.5,Completed
A00067,2025-10-20,Provider D,Primary care,65+,23,0,1,11,0,17.8,Completed
A00302,2025-10-20,Provider A,Behavioral health,50–64,3,2,0,14,0,18.7,Completed
A00738,2025-10-20,Provider C,Follow-up,50–64,3,0,1,9,0,11.0,Completed
A00973,2025-10-20,Provider D,Follow-up,18–34,19,1,0,13,0,4.8,Completed
A01079,2025-10-20,Provider C,Primary care,35–49,7,0,1,11,0,20.8,Completed
A01589,2025-10-20,Provider A,Follow-up,65+,38,0,1,11,0,4.3,Completed
A01908,2025-10-20,Provider D,Primary care,18–34,12,3,1,16,0,13.6,Referred
A02263,2025-10-20,Provider C,Behavioral health,18–34,23,1,1,8,0,17.0,Completed
A02463,2025-10-20,Provider C,Follow-up,65+,33,0,1,8,0,23.4,Referred
A02658,2025-10-20,Provider B,Follow-up,18–34,8,0,1,13,0,9.4,Completed
A02701,2025-10-20,Provider A,Primary care,18–34,20,0,1,15,0,9.2,Completed
A03374,2025-10-20,Provider A,Follow-up,35–49,2,1,0,9,0,7.1,Completed
A01266,2025-10-21,Provider A,Follow-up,50–64,10,0,0,11,0,8.9,Completed
A01893,2025-10-21,Provider C,Behavioral health,65+,16,0,0,8,0,20.4,Completed
A02011,2025-10-21,Provider C,Primary care,18–34,42,2,1,15,0,24.3,Completed
A03043,2025-10-21,Provider D,Behavioral health,35–49,36,1,1,14,0,8.6,Completed
A03259,2025-10-21,Provider B,Behavioral health,50–64,37,1,1,11,1,,No-show
A03304,2025-10-21,Provider D,Specialty,35–49,33,0,0,13,1,,No-show
A03395,2025-10-21,Provider C,Behavioral health,35–49,26,1,1,13,0,17.0,Completed
A01553,2025-10-22,Provider B,Follow-up,50–64,40,0,1,11,0,9.2,Completed
A02177,2025-10-22,Provider D,Primary care,18–34,35,2,0,9,0,8.2,Completed
A02208,2025-10-22,Provider D,Follow-up,35–49,7,0,1,16,0,12.1,Completed
A02255,2025-10-22,Provider D,Follow-up,50–64,2,1,1,9,0,13.0,Completed
A02455,2025-10-22,Provider D,Follow-up,35–49,31,0,1,15,0,14.3,Referred
A02597,2025-10-22,Provider C,Behavioral health,50–64,39,0,0,14,0,24.8,Completed
A03148,2025-10-22,Provider D,Primary care,18–34,35,1,1,8,0,7.6,Completed
A03172,2025-10-22,Provider B,Behavioral health,18–34,34,0,1,10,0,12.9,Referred
A03372,2025-10-22,Provider A,Specialty,50–64,12,1,0,15,1,,No-show
A03389,2025-10-22,Provider D,Behavioral health,50–64,23,1,1,8,0,5.8,Completed
A00520,2025-10-23,Provider B,Behavioral health,65+,31,0,1,9,0,8.7,Completed
A00860,2025-10-23,Provider A,Follow-up,50–64,30,0,1,11,0,4.8,Completed
A01547,2025-10-23,Provider B,Behavioral health,65+,40,0,1,14,1,,No-show
A01749,2025-10-23,Provider B,Follow-up,65+,24,0,1,8,0,2.6,Completed
A01816,2025-10-23,Provider C,Primary care,18–34,38,0,0,13,0,17.9,Completed
A01854,2025-10-23,Provider D,Follow-up,18–34,7,1,1,14,0,5.8,Completed
A01858,2025-10-23,Provider B,Specialty,65+,37,0,1,11,0,7.7,Completed
A01981,2025-10-23,Provider B,Behavioral health,50–64,15,0,1,8,0,9.4,Completed
A02307,2025-10-23,Provider C,Behavioral health,35–49,8,0,1,9,0,17.7,Completed
A02474,2025-10-23,Provider C,Primary care,50–64,19,0,1,8,0,22.1,Completed
A03060,2025-10-23,Provider A,Primary care,50–64,5,0,1,10,0,12.8,Completed
A03226,2025-10-23,Provider A,Follow-up,50–64,41,1,1,10,0,9.2,Completed
A03256,2025-10-23,Provider A,Follow-up,18–34,11,2,0,13,0,11.7,Completed
A00414,2025-10-24,Provider D,Primary care,18–34,30,0,1,13,0,4.6,Completed
A00419,2025-10-24,Provider C,Primary care,35–49,2,3,0,8,0,21.1,Completed
A02026,2025-10-24,Provider C,Behavioral health,18–34,10,0,1,8,0,26.3,Completed
A02362,2025-10-24,Provider D,Primary care,65+,37,0,1,14,0,12.8,Completed
A03052,2025-10-24,Provider C,Primary care,18–34,39,3,1,9,0,21.9,Completed
A03328,2025-10-24,Provider D,Specialty,35–49,29,0,1,8,0,10.1,Completed
A01229,2025-10-25,Provider C,Primary care,35–49,35,2,0,10,1,,No-show
A01602,2025-10-25,Provider A,Primary care,18–34,2,0,0,9,0,9.8,Completed
A01641,2025-10-25,Provider B,Primary care,65+,39,1,1,11,0,17.9,Completed
A01755,2025-10-25,Provider B,Follow-up,18–34,43,1,0,10,1,,No-show
A01826,2025-10-25,Provider B,Behavioral health,65+,39,0,1,16,0,14.3,Completed
A02317,2025-10-25,Provider C,Follow-up,18–34,22,0,1,8,0,16.9,Completed
A02945,2025-10-25,Provider B,Specialty,50–64,18,0,0,8,0,10.5,Completed
A03007,2025-10-25,Provider D,Follow-up,35–49,11,0,1,14,0,15.8,Referred
A03080,2025-10-25,Provider D,Follow-up,50–64,28,2,1,15,0,13.6,Completed
A03437,2025-10-25,Provider A,Primary care,50–64,24,0,1,15,0,8.0,Completed
A00032,2025-10-26,Provider B,Primary care,35–49,27,0,0,10,0,13.9,Completed
A00120,2025-10-26,Provider C,Specialty,65+,16,0,1,8,0,20.0,Completed
A00523,2025-10-26,Provider A,Follow-up,18–34,15,1,0,8,1,,No-show
A00745,2025-10-26,Provider C,Follow-up,65+,14,0,1,14,0,28.5,Completed
A01334,2025-10-26,Provider C,Specialty,65+,17,1,0,15,0,20.2,Completed
A01839,2025-10-26,Provider A,Behavioral health,50–64,18,0,0,15,0,12.2,Completed
A02478,2025-10-26,Provider C,Primary care,65+,41,0,1,13,1,,No-show
A02547,2025-10-26,Provider B,Behavioral health,50–64,31,0,1,15,0,14.7,Completed
A02609,2025-10-26,Provider A,Follow-up,18–34,17,0,1,16,0,6.3,Completed
A02637,2025-10-26,Provider B,Specialty,65+,27,0,1,15,0,16.8,Completed
A02796,2025-10-26,Provider C,Follow-up,35–49,27,1,1,14,0,23.5,Completed
A02874,2025-10-26,Provider B,Follow-up,50–64,20,2,1,10,0,9.2,Completed
A03111,2025-10-26,Provider A,Follow-up,50–64,41,0,1,10,0,10.8,Completed
A03135,2025-10-26,Provider A,Primary care,18–34,3,0,1,8,0,12.5,Completed
A03269,2025-10-26,Provider C,Behavioral health,50–64,10,1,1,14,0,22.5,Completed
A03406,2025-10-26,Provider A,Primary care,18–34,42,1,1,15,0,15.2,Completed
A00204,2025-10-27,Provider B,Primary care,35–49,23,0,1,15,0,12.5,Completed
A00452,2025-10-27,Provider A,Follow-up,50–64,35,2,0,11,0,8.0,Referred
A01036,2025-10-27,Provider D,Primary care,18–34,9,2,1,14,1,,No-show
A01370,2025-10-27,Provider D,Primary care,18–34,24,0,0,10,0,12.3,Completed
A01769,2025-10-27,Provider D,Follow-up,18–34,12,0,0,16,0,15.3,Completed
A01906,2025-10-27,Provider B,Follow-up,65+,25,0,1,13,1,,No-show
A02098,2025-10-27,Provider A,Behavioral health,65+,37,0,0,8,1,,No-show
A03232,2025-10-27,Provider C,Behavioral health,65+,8,0,1,15,0,14.9,Referred
A03298,2025-10-27,Provider B,Follow-up,65+,7,1,1,8,0,6.4,Completed
A03600,2025-10-27,Provider D,Primary care,65+,24,0,1,9,0,4.5,Completed
A00142,2025-10-28,Provider C,Behavioral health,50–64,34,0,1,9,0,28.6,Completed
A01974,2025-10-28,Provider C,Specialty,65+,11,2,1,16,0,28.9,Referred
A02048,2025-10-28,Provider C,Behavioral health,35–49,16,1,1,8,0,18.7,Completed
A02577,2025-10-28,Provider D,Behavioral health,50–64,32,1,1,11,1,,No-show
A02617,2025-10-28,Provider A,Follow-up,65+,3,2,1,16,0,23.2,Completed
A03051,2025-10-28,Provider C,Primary care,35–49,10,2,1,8,1,,No-show
A03243,2025-10-28,Provider D,Follow-up,35–49,8,1,1,9,0,15.3,Referred
A03373,2025-10-28,Provider C,Follow-up,65+,5,0,1,13,0,13.7,Completed
A00121,2025-10-29,Provider A,Specialty,50–64,24,0,1,11,0,6.3,Completed
A00618,2025-10-29,Provider C,Behavioral health,65+,38,0,1,15,0,21.6,Referred
A00733,2025-10-29,Provider B,Primary care,18–34,15,0,1,10,0,18.1,Completed
A01234,2025-10-29,Provider D,Specialty,50–64,1,0,1,14,0,16.3,Completed
A02078,2025-10-29,Provider B,Follow-up,65+,17,0,0,10,0,18.8,Completed
A02245,2025-10-29,Provider D,Specialty,65+,44,0,0,14,0,15.5,Completed
A02563,2025-10-29,Provider A,Behavioral health,35–49,34,1,1,9,0,20.0,Completed
A02666,2025-10-29,Provider C,Follow-up,65+,21,1,1,15,0,22.6,Referred
A03020,2025-10-29,Provider A,Follow-up,35–49,9,0,1,10,0,21.4,Completed
A03355,2025-10-29,Provider C,Follow-up,50–64,19,0,1,11,0,29.3,Completed
A03528,2025-10-29,Provider D,Follow-up,65+,6,0,1,10,0,15.2,Completed
A00650,2025-10-30,Provider C,Primary care,35–49,27,1,1,10,0,28.5,Completed
A00962,2025-10-30,Provider C,Primary care,65+,19,1,0,15,0,32.4,Referred
A01744,2025-10-30,Provider C,Primary care,35–49,20,0,1,16,1,,No-show
A01757,2025-10-30,Provider A,Follow-up,18–34,39,1,1,10,0,12.0,Referred
A02569,2025-10-30,Provider A,Behavioral health,65+,19,0,1,9,0,14.7,Completed
A02714,2025-10-30,Provider A,Specialty,50–64,35,2,1,14,0,19.6,Completed
A02980,2025-10-30,Provider D,Behavioral health,18–34,2,0,1,15,0,17.7,Completed
A03010,2025-10-30,Provider A,Follow-up,50–64,27,1,1,16,0,22.6,Completed
A03424,2025-10-30,Provider B,Follow-up,18–34,6,0,1,8,0,8.9,Completed
A00699,2025-10-31,Provider C,Follow-up,35–49,8,0,1,16,1,,No-show
A00839,2025-10-31,Provider D,Primary care,65+,39,2,1,13,0,3.2,Completed
A01251,2025-10-31,Provider D,Follow-up,50–64,11,0,0,15,0,14.5,Referred
A01302,2025-10-31,Provider A,Behavioral health,65+,38,1,1,10,0,11.0,Completed
A01410,2025-10-31,Provider D,Follow-up,50–64,4,0,1,8,0,6.8,Completed
A01445,2025-10-31,Provider B,Follow-up,18–34,38,0,1,9,0,9.7,Completed
A01585,2025-10-31,Provider C,Primary care,18–34,25,0,1,8,0,23.4,Completed
A01788,2025-10-31,Provider C,Follow-up,18–34,27,0,1,13,0,25.8,Completed
A02070,2025-10-31,Provider D,Follow-up,50–64,22,1,1,10,1,,No-show
A02462,2025-10-31,Provider D,Follow-up,50–64,21,3,0,8,0,6.9,Completed
A03282,2025-10-31,Provider D,Primary care,35–49,31,1,1,9,0,12.4,Completed
A00347,2025-11-01,Provider A,Behavioral health,65+,30,2,1,13,0,11.4,Completed
A00740,2025-11-01,Provider A,Primary care,35–49,17,0,1,13,0,17.6,Completed
A00993,2025-11-01,Provider D,Follow-up,65+,11,0,1,13,0,5.7,Completed
A01085,2025-11-01,Provider B,Primary care,65+,24,1,0,16,1,,No-show
A01367,2025-11-01,Provider A,Behavioral health,65+,7,0,1,8,0,19.7,Completed
A01565,2025-11-01,Provider A,Primary care,50–64,6,2,1,13,0,12.1,Referred
A01646,2025-11-01,Provider C,Primary care,50–64,34,0,1,15,0,22.7,Completed
A01687,2025-11-01,Provider B,Primary care,50–64,28,0,0,8,0,1.8,Completed
A02168,2025-11-01,Provider D,Behavioral health,35–49,17,1,1,13,0,5.8,Referred
A02212,2025-11-01,Provider A,Behavioral health,35–49,38,0,1,13,0,11.5,Completed
A00508,2025-11-02,Provider C,Specialty,65+,8,0,1,8,0,26.4,Completed
A00626,2025-11-02,Provider D,Primary care,50–64,3,0,1,8,0,8.1,Completed
A01249,2025-11-02,Provider B,Behavioral health,50–64,5,0,0,11,0,1.9,Completed
A01516,2025-11-02,Provider A,Specialty,18–34,11,0,0,13,0,1.7,Completed
A01627,2025-11-02,Provider A,Behavioral health,50–64,15,1,1,10,0,11.9,Completed
A01710,2025-11-02,Provider D,Primary care,18–34,24,0,1,16,0,20.4,Completed
A01845,2025-11-02,Provider D,Primary care,35–49,23,0,1,8,0,7.3,Completed
A02003,2025-11-02,Provider A,Primary care,65+,28,1,1,10,0,11.4,Completed
A02654,2025-11-02,Provider D,Behavioral health,35–49,38,2,1,11,0,4.7,Completed
A00608,2025-11-03,Provider D,Follow-up,18–34,20,0,1,13,1,,No-show
A01214,2025-11-03,Provider B,Primary care,65+,45,0,1,15,0,11.0,Completed
A01583,2025-11-03,Provider C,Follow-up,65+,11,1,1,11,0,30.3,Completed
A01853,2025-11-03,Provider D,Primary care,18–34,16,2,0,16,0,18.6,Completed
A02249,2025-11-03,Provider C,Primary care,18–34,37,2,1,10,0,23.2,Completed
A02315,2025-11-03,Provider C,Primary care,65+,20,0,0,8,0,13.8,Completed
A02509,2025-11-03,Provider D,Follow-up,50–64,19,0,1,15,0,24.7,Referred
A03197,2025-11-03,Provider A,Specialty,35–49,15,0,1,13,0,18.5,Referred
A03431,2025-11-03,Provider D,Behavioral health,35–49,30,0,1,11,0,7.8,Referred
A00132,2025-11-04,Provider A,Follow-up,50–64,22,0,1,13,0,10.6,Completed
A00957,2025-11-04,Provider C,Follow-up,65+,39,0,1,8,0,12.4,Completed
A01359,2025-11-04,Provider D,Specialty,18–34,24,0,1,9,0,13.5,Completed
A02108,2025-11-04,Provider B,Behavioral health,18–34,15,0,0,13,0,13.9,Completed
A02288,2025-11-04,Provider A,Specialty,50–64,5,0,0,15,0,8.3,Completed
A02706,2025-11-04,Provider D,Follow-up,35–49,7,1,0,9,0,6.8,Completed
A00867,2025-11-05,Provider D,Primary care,65+,44,1,1,11,0,6.4,Completed
A00964,2025-11-05,Provider A,Primary care,18–34,32,0,1,15,0,2.7,Completed
A01096,2025-11-05,Provider C,Follow-up,35–49,14,3,0,11,0,17.8,Completed
A01135,2025-11-05,Provider A,Follow-up,18–34,16,0,1,9,0,4.9,Completed
A01258,2025-11-05,Provider C,Specialty,50–64,28,2,1,10,0,11.4,Completed
A01309,2025-11-05,Provider D,Behavioral health,35–49,5,1,1,11,0,8.6,Completed
A01456,2025-11-05,Provider B,Follow-up,65+,10,0,1,8,0,10.3,Completed
A01800,2025-11-05,Provider A,Primary care,50–64,37,0,1,8,0,5.8,Completed
A02079,2025-11-05,Provider C,Follow-up,65+,9,2,1,8,0,30.4,Completed
A02440,2025-11-05,Provider C,Specialty,65+,44,1,0,13,1,,No-show
A03178,2025-11-05,Provider D,Primary care,18–34,40,0,1,14,0,15.7,Completed
A00159,2025-11-06,Provider B,Specialty,65+,42,0,1,13,0,8.9,Completed
A00427,2025-11-06,Provider A,Behavioral health,65+,37,0,0,15,0,15.3,Completed
A01191,2025-11-06,Provider A,Primary care,65+,10,0,1,13,0,13.2,Completed
A01630,2025-11-06,Provider C,Specialty,65+,35,0,1,14,0,26.3,Completed
A01961,2025-11-06,Provider D,Follow-up,65+,26,2,1,10,0,14.4,Referred
A02408,2025-11-06,Provider D,Follow-up,50–64,11,0,1,9,0,18.9,Completed
A02638,2025-11-06,Provider B,Behavioral health,65+,29,1,1,8,0,0.7,Completed
A00161,2025-11-07,Provider C,Primary care,18–34,31,1,1,9,0,12.1,Completed
A00297,2025-11-07,Provider C,Follow-up,35–49,16,1,1,14,0,27.9,Completed
A00376,2025-11-07,Provider B,Primary care,65+,18,0,1,16,0,10.8,Completed
A00413,2025-11-07,Provider A,Follow-up,65+,20,2,0,13,0,10.1,Completed
A00571,2025-11-07,Provider B,Follow-up,18–34,3,0,1,13,0,4.7,Completed
A00609,2025-11-07,Provider D,Primary care,35–49,36,0,1,13,0,9.7,Completed
A01376,2025-11-07,Provider A,Follow-up,65+,23,3,0,15,0,12.3,Completed
A01604,2025-11-07,Provider A,Primary care,18–34,6,0,1,10,0,4.3,Referred
A02243,2025-11-07,Provider D,Primary care,65+,31,3,1,9,0,14.7,Completed
A02377,2025-11-07,Provider C,Primary care,35–49,10,0,1,13,1,,No-show
A02501,2025-11-07,Provider B,Follow-up,65+,8,1,0,11,0,10.5,Completed
A02573,2025-11-07,Provider D,Behavioral health,35–49,32,2,1,9,0,6.9,Referred
A02763,2025-11-07,Provider B,Behavioral health,35–49,27,0,0,9,0,7.1,Completed
A00286,2025-11-08,Provider D,Follow-up,18–34,23,0,0,11,0,11.4,Completed
A00354,2025-11-08,Provider D,Follow-up,50–64,45,0,1,8,1,,No-show
A00391,2025-11-08,Provider C,Behavioral health,65+,28,0,1,8,0,19.4,Completed
A00669,2025-11-08,Provider D,Primary care,50–64,7,2,0,9,0,8.4,Completed
A00782,2025-11-08,Provider D,Follow-up,50–64,37,0,1,9,0,5.2,Completed
A00879,2025-11-08,Provider A,Specialty,50–64,44,0,1,10,0,7.1,Completed
A01166,2025-11-08,Provider D,Behavioral health,18–34,35,0,1,11,0,9.1,Completed
A02755,2025-11-08,Provider D,Follow-up,50–64,16,0,1,14,0,19.2,Completed
A03267,2025-11-08,Provider A,Specialty,65+,17,0,1,10,0,6.9,Completed
A03498,2025-11-08,Provider B,Primary care,65+,10,1,1,8,0,8.4,Completed
A00549,2025-11-09,Provider B,Behavioral health,50–64,6,1,0,8,0,14.2,Completed
A00558,2025-11-09,Provider B,Specialty,35–49,14,1,1,15,0,14.2,Completed
A00607,2025-11-09,Provider C,Behavioral health,35–49,23,0,0,13,0,20.1,Completed
A00763,2025-11-09,Provider D,Specialty,65+,29,1,0,9,0,0.0,Completed
A00940,2025-11-09,Provider B,Follow-up,35–49,7,1,1,9,0,11.5,Completed
A00947,2025-11-09,Provider D,Follow-up,35–49,42,0,1,15,0,12.3,Completed
A01326,2025-11-09,Provider A,Primary care,18–34,24,1,1,15,0,23.9,Completed
A01987,2025-11-09,Provider A,Specialty,50–64,7,0,1,13,0,9.6,Completed
A02140,2025-11-09,Provider A,Follow-up,18–34,7,1,1,8,0,8.3,Completed
A02141,2025-11-09,Provider A,Specialty,50–64,5,0,1,9,0,2.7,Completed
A02343,2025-11-09,Provider A,Primary care,50–64,29,1,1,8,1,,No-show
A03366,2025-11-09,Provider C,Specialty,50–64,17,0,0,15,0,33.3,Completed
A00785,2025-11-10,Provider C,Specialty,65+,36,0,1,15,0,31.1,Completed
A01034,2025-11-10,Provider C,Specialty,18–34,18,0,0,9,0,22.4,Completed
A01495,2025-11-10,Provider D,Specialty,35–49,26,0,1,10,0,6.2,Completed
A01743,2025-11-10,Provider A,Primary care,50–64,38,0,1,8,0,8.1,Completed
A01759,2025-11-10,Provider C,Follow-up,65+,45,0,0,14,1,,No-show
A02352,2025-11-10,Provider B,Behavioral health,65+,39,0,1,11,1,,No-show
A02476,2025-11-10,Provider A,Primary care,35–49,4,1,1,10,1,,No-show
A02602,2025-11-10,Provider A,Specialty,18–34,25,0,0,13,0,8.9,Referred
A03086,2025-11-10,Provider B,Specialty,18–34,16,1,1,16,0,10.8,Completed
A03514,2025-11-10,Provider A,Follow-up,35–49,21,1,1,13,0,5.9,Completed
A00087,2025-11-11,Provider B,Specialty,35–49,27,1,0,14,1,,No-show
A00343,2025-11-11,Provider B,Behavioral health,65+,10,1,1,15,0,28.2,Completed
A00666,2025-11-11,Provider C,Primary care,18–34,12,0,1,13,0,18.4,Completed
A01139,2025-11-11,Provider A,Specialty,65+,1,0,1,9,0,15.7,Referred
A02090,2025-11-11,Provider B,Follow-up,50–64,15,1,1,13,0,15.0,Referred
A02121,2025-11-11,Provider A,Primary care,35–49,45,1,1,10,1,,No-show
A02319,2025-11-11,Provider C,Behavioral health,65+,32,2,0,16,1,,No-show
A02610,2025-11-11,Provider A,Follow-up,35–49,23,0,1,11,1,,No-show
A03012,2025-11-11,Provider D,Follow-up,50–64,5,0,1,10,0,9.6,Completed
A03097,2025-11-11,Provider B,Behavioral health,50–64,15,0,1,9,0,22.2,Completed
A03220,2025-11-11,Provider C,Primary care,50–64,20,0,0,14,0,23.8,Completed
A03408,2025-11-11,Provider D,Behavioral health,35–49,7,0,1,16,0,21.7,Completed
A03489,2025-11-11,Provider B,Behavioral health,65+,37,0,0,15,1,,No-show
A00371,2025-11-12,Provider B,Follow-up,18–34,9,0,1,9,0,18.1,Referred
A01421,2025-11-12,Provider B,Follow-up,35–49,35,1,0,14,0,14.4,Completed
A01579,2025-11-12,Provider A,Follow-up,50–64,37,0,0,11,1,,No-show
A02199,2025-11-12,Provider B,Primary care,65+,39,2,1,16,0,17.6,Completed
A00851,2025-11-13,Provider C,Behavioral health,18–34,41,1,1,15,0,23.8,Referred
A01012,2025-11-13,Provider D,Follow-up,18–34,22,0,1,16,0,18.2,Completed
A01827,2025-11-13,Provider D,Follow-up,35–49,18,0,1,10,0,5.5,Completed
A03059,2025-11-13,Provider B,Follow-up,50–64,5,0,1,10,0,13.2,Completed
A00063,2025-11-14,Provider D,Primary care,50–64,4,0,1,10,0,8.3,Completed
A00543,2025-11-14,Provider D,Primary care,18–34,18,0,0,15,0,13.1,Completed
A00564,2025-11-14,Provider B,Primary care,18–34,31,2,1,9,0,12.3,Completed
A01517,2025-11-14,Provider A,Follow-up,35–49,28,0,1,15,0,5.3,Completed
A01819,2025-11-14,Provider A,Primary care,35–49,22,0,1,16,1,,No-show
A02870,2025-11-14,Provider B,Primary care,65+,22,0,1,11,0,10.6,Completed
A02943,2025-11-14,Provider C,Primary care,65+,42,0,1,13,1,,No-show
A03073,2025-11-14,Provider C,Primary care,65+,29,1,1,15,0,30.3,Completed
A03141,2025-11-14,Provider D,Behavioral health,50–64,11,2,0,8,0,6.0,Completed
A03272,2025-11-14,Provider A,Follow-up,50–64,17,0,1,11,0,9.7,Completed
A00192,2025-11-15,Provider D,Primary care,50–64,28,2,1,16,0,17.0,Completed
A00667,2025-11-15,Provider D,Follow-up,50–64,21,0,1,8,0,3.7,Completed
A01081,2025-11-15,Provider A,Primary care,35–49,19,1,1,16,0,13.3,Completed
A01857,2025-11-15,Provider D,Primary care,65+,8,1,0,15,1,,No-show
A02799,2025-11-15,Provider B,Primary care,35–49,44,2,1,8,0,11.9,Referred
A03331,2025-11-15,Provider C,Follow-up,18–34,37,0,1,16,0,22.0,Completed
A00362,2025-11-16,Provider A,Follow-up,50–64,3,0,1,16,0,8.6,Completed
A00637,2025-11-16,Provider D,Behavioral health,18–34,12,0,0,8,0,6.2,Completed
A01040,2025-11-16,Provider C,Primary care,35–49,19,0,0,16,0,26.2,Completed
A01783,2025-11-16,Provider D,Primary care,35–49,12,0,1,10,0,9.0,Completed
A01812,2025-11-16,Provider D,Primary care,35–49,2,0,0,16,0,7.9,Completed
A02416,2025-11-16,Provider B,Specialty,35–49,10,2,1,10,0,8.8,Completed
A02677,2025-11-16,Provider A,Primary care,35–49,11,0,0,11,1,,No-show
A03067,2025-11-16,Provider D,Follow-up,18–34,10,0,0,9,0,9.1,Completed
A03077,2025-11-16,Provider D,Specialty,50–64,24,1,1,14,0,16.5,Completed
A00140,2025-11-17,Provider B,Primary care,18–34,25,0,1,9,0,8.8,Completed
A00837,2025-11-17,Provider C,Behavioral health,65+,5,2,0,15,1,,No-show
A01169,2025-11-17,Provider C,Primary care,50–64,13,0,1,8,0,24.4,Completed
A01213,2025-11-17,Provider D,Primary care,35–49,30,0,1,14,0,15.0,Completed
A01304,2025-11-17,Provider B,Primary care,65+,31,0,1,13,0,12.3,Completed
A01372,2025-11-17,Provider D,Primary care,18–34,26,1,1,11,0,12.1,Referred
A01756,2025-11-17,Provider D,Follow-up,50–64,7,1,1,16,0,12.8,Completed
A02283,2025-11-17,Provider B,Primary care,65+,42,0,1,13,0,9.0,Completed
A02991,2025-11-17,Provider D,Primary care,50–64,28,3,1,8,1,,No-show
A03116,2025-11-17,Provider D,Primary care,65+,25,2,1,15,0,13.3,Completed
A00110,2025-11-18,Provider A,Behavioral health,35–49,22,0,1,8,0,10.3,Completed
A00217,2025-11-18,Provider A,Follow-up,50–64,10,0,1,10,0,7.2,Completed
A00474,2025-11-18,Provider D,Behavioral health,35–49,39,0,1,9,0,14.3,Completed
A00694,2025-11-18,Provider A,Primary care,65+,13,2,1,15,0,23.4,Completed
A00873,2025-11-18,Provider D,Specialty,35–49,27,0,1,10,0,2.1,Completed
A00949,2025-11-18,Provider B,Behavioral health,50–64,5,1,0,9,0,8.7,Completed
A01351,2025-11-18,Provider A,Follow-up,35–49,44,0,0,10,0,7.7,Completed
A01441,2025-11-18,Provider C,Behavioral health,65+,22,1,1,10,0,20.5,Referred
A01557,2025-11-18,Provider A,Follow-up,35–49,33,0,1,15,0,12.6,Completed
A01643,2025-11-18,Provider C,Follow-up,18–34,28,0,1,10,0,20.5,Completed
A01930,2025-11-18,Provider B,Primary care,65+,22,0,1,8,0,0.0,Completed
A02375,2025-11-18,Provider D,Follow-up,65+,7,0,1,10,0,15.9,Completed
A02436,2025-11-18,Provider D,Specialty,50–64,15,0,1,16,0,19.0,Completed
A02493,2025-11-18,Provider B,Follow-up,50–64,2,3,1,16,0,17.7,Completed
A02620,2025-11-18,Provider B,Follow-up,65+,35,0,0,8,0,5.3,Referred
A02663,2025-11-18,Provider A,Follow-up,65+,41,1,1,9,0,11.9,Referred
A02737,2025-11-18,Provider A,Follow-up,35–49,3,0,1,15,0,13.2,Completed
A02860,2025-11-18,Provider D,Behavioral health,18–34,10,1,1,8,0,13.1,Completed
A02969,2025-11-18,Provider A,Follow-up,50–64,35,0,1,9,0,4.3,Completed
A03245,2025-11-18,Provider B,Primary care,35–49,27,0,1,14,0,21.7,Completed
A03452,2025-11-18,Provider B,Follow-up,35–49,19,0,1,10,0,0.4,Completed
A00111,2025-11-19,Provider A,Primary care,65+,7,1,0,10,0,4.4,Referred
A00406,2025-11-19,Provider B,Follow-up,50–64,8,0,1,11,0,15.4,Completed
A00493,2025-11-19,Provider A,Behavioral health,18–34,19,0,1,14,0,13.2,Completed
A00556,2025-11-19,Provider B,Primary care,18–34,10,3,1,9,0,11.6,Completed
A01224,2025-11-19,Provider C,Follow-up,18–34,42,0,0,9,1,,No-show
A01245,2025-11-19,Provider D,Primary care,50–64,28,0,1,15,0,15.3,Completed
A02876,2025-11-19,Provider C,Primary care,18–34,40,0,1,10,0,17.1,Completed
A02920,2025-11-19,Provider B,Primary care,65+,28,0,0,13,0,7.3,Completed
A03530,2025-11-19,Provider B,Follow-up,50–64,5,1,0,15,0,12.5,Referred
A00062,2025-11-20,Provider A,Follow-up,18–34,15,1,1,8,1,,No-show
A00892,2025-11-20,Provider A,Specialty,65+,29,0,1,14,0,16.7,Completed
A00987,2025-11-20,Provider A,Specialty,18–34,2,0,1,10,0,7.3,Referred
A01609,2025-11-20,Provider D,Follow-up,65+,17,0,1,13,0,0.0,Completed
A01966,2025-11-20,Provider B,Primary care,18–34,29,0,1,11,0,5.7,Completed
A02394,2025-11-20,Provider A,Primary care,35–49,22,0,1,15,0,12.3,Completed
A02578,2025-11-20,Provider B,Specialty,65+,7,1,1,13,0,11.0,Completed
A02645,2025-11-20,Provider D,Behavioral health,35–49,36,0,1,9,0,12.4,Completed
A02983,2025-11-20,Provider C,Specialty,35–49,26,0,1,8,0,23.6,Completed
A03538,2025-11-20,Provider C,Follow-up,18–34,27,0,1,10,0,20.1,Completed
A03578,2025-11-20,Provider C,Specialty,50–64,11,0,1,13,0,15.7,Completed
A00190,2025-11-21,Provider C,Primary care,35–49,1,0,1,11,0,24.9,Completed
A00569,2025-11-21,Provider D,Specialty,35–49,45,0,1,11,0,17.7,Completed
A01573,2025-11-21,Provider C,Primary care,35–49,44,0,1,8,0,15.6,Referred
A01823,2025-11-21,Provider B,Follow-up,50–64,30,0,1,16,0,10.2,Completed
A02735,2025-11-21,Provider D,Primary care,35–49,34,0,1,14,0,14.9,Completed
A03242,2025-11-21,Provider C,Follow-up,50–64,44,0,1,11,0,16.2,Completed
A00295,2025-11-22,Provider C,Follow-up,18–34,22,1,0,10,0,25.6,Completed
A00812,2025-11-22,Provider C,Behavioral health,65+,30,2,1,8,1,,No-show
A02276,2025-11-22,Provider D,Primary care,50–64,25,0,0,11,0,14.4,Completed
A02621,2025-11-22,Provider D,Follow-up,18–34,41,1,0,11,0,1.9,Completed
A02625,2025-11-22,Provider A,Follow-up,65+,12,0,1,9,0,12.6,Completed
A02895,2025-11-22,Provider A,Primary care,50–64,25,0,1,8,0,14.5,Completed
A03417,2025-11-22,Provider C,Follow-up,65+,3,2,1,13,0,6.1,Completed
A00610,2025-11-23,Provider A,Primary care,18–34,7,0,1,11,0,15.6,Completed
A00730,2025-11-23,Provider A,Specialty,18–34,38,1,1,14,0,13.8,Completed
A00994,2025-11-23,Provider D,Behavioral health,18–34,12,1,1,9,0,6.8,Completed
A01016,2025-11-23,Provider C,Primary care,50–64,41,0,1,11,0,25.4,Completed
A01173,2025-11-23,Provider D,Behavioral health,18–34,23,0,1,11,0,5.1,Completed
A01227,2025-11-23,Provider D,Primary care,18–34,8,1,1,11,0,0.6,Completed
A01449,2025-11-23,Provider B,Specialty,35–49,23,0,1,8,0,4.2,Completed
A02330,2025-11-23,Provider B,Behavioral health,18–34,24,1,1,15,0,20.7,Completed
A02366,2025-11-23,Provider A,Primary care,18–34,5,1,1,10,0,0.0,Completed
A02966,2025-11-23,Provider A,Behavioral health,18–34,28,0,0,8,0,4.7,Referred
A03340,2025-11-23,Provider D,Follow-up,18–34,34,1,1,13,0,17.4,Completed
A00046,2025-11-24,Provider B,Primary care,35–49,8,0,0,13,0,17.4,Completed
A00269,2025-11-24,Provider A,Specialty,50–64,30,0,1,16,0,8.9,Referred
A00277,2025-11-24,Provider B,Follow-up,50–64,14,0,0,9,0,8.5,Referred
A01275,2025-11-24,Provider A,Behavioral health,18–34,21,0,0,11,1,,No-show
A01386,2025-11-24,Provider B,Follow-up,35–49,9,0,1,10,0,12.0,Completed
A01545,2025-11-24,Provider D,Behavioral health,35–49,3,1,1,13,0,4.3,Completed
A01884,2025-11-24,Provider A,Behavioral health,35–49,14,1,1,9,0,13.2,Completed
A02528,2025-11-24,Provider C,Specialty,65+,38,0,1,16,1,,No-show
A02591,2025-11-24,Provider B,Behavioral health,35–49,13,0,1,15,0,12.8,Completed
A02608,2025-11-24,Provider B,Behavioral health,18–34,43,3,1,9,0,16.2,Completed
A03556,2025-11-24,Provider C,Specialty,65+,1,1,1,14,0,35.8,Completed
A00254,2025-11-25,Provider D,Primary care,65+,11,1,1,10,0,0.9,Completed
A00425,2025-11-25,Provider B,Follow-up,18–34,18,0,1,8,0,11.9,Completed
A00560,2025-11-25,Provider B,Follow-up,35–49,39,0,1,9,0,15.2,Completed
A00970,2025-11-25,Provider C,Behavioral health,65+,18,2,0,11,0,18.0,Referred
A01723,2025-11-25,Provider A,Behavioral health,65+,41,1,1,13,0,9.5,Completed
A02146,2025-11-25,Provider B,Primary care,65+,44,1,1,10,0,9.5,Completed
A02385,2025-11-25,Provider A,Follow-up,35–49,1,0,1,11,0,13.0,Completed
A02433,2025-11-25,Provider C,Specialty,50–64,45,0,1,8,0,21.2,Completed
A02996,2025-11-25,Provider D,Follow-up,18–34,23,0,1,16,0,5.5,Completed
A03501,2025-11-25,Provider A,Follow-up,18–34,40,0,0,11,0,6.9,Completed
A03502,2025-11-25,Provider A,Behavioral health,35–49,19,0,1,16,0,17.9,Completed
A03509,2025-11-25,Provider A,Specialty,35–49,16,1,1,10,0,6.1,Completed
A03533,2025-11-25,Provider B,Specialty,18–34,33,0,1,9,0,1.7,Completed
A03544,2025-11-25,Provider C,Specialty,35–49,40,0,1,15,0,23.7,Completed
A00112,2025-11-26,Provider B,Primary care,18–34,7,0,1,11,0,5.8,Completed
A00318,2025-11-26,Provider D,Specialty,35–49,26,0,1,10,0,21.4,Completed
A00488,2025-11-26,Provider C,Follow-up,35–49,22,2,1,9,0,18.5,Completed
A00519,2025-11-26,Provider C,Primary care,50–64,12,0,1,8,0,11.8,Completed
A00688,2025-11-26,Provider D,Behavioral health,50–64,40,0,1,14,0,14.2,Completed
A00852,2025-11-26,Provider D,Behavioral health,50–64,37,0,1,13,1,,No-show
A00922,2025-11-26,Provider D,Primary care,18–34,17,0,0,13,0,6.2,Completed
A01889,2025-11-26,Provider D,Follow-up,18–34,23,0,1,8,0,16.6,Completed
A02447,2025-11-26,Provider B,Behavioral health,18–34,38,1,1,11,1,,No-show
A02722,2025-11-26,Provider A,Follow-up,65+,11,1,1,10,0,5.4,Completed
A02914,2025-11-26,Provider B,Behavioral health,35–49,29,1,1,8,0,8.0,Completed
A02975,2025-11-26,Provider C,Primary care,50–64,23,2,0,11,1,,No-show
A03215,2025-11-26,Provider B,Primary care,65+,42,2,1,16,0,13.1,Completed
A03308,2025-11-26,Provider A,Specialty,35–49,32,0,1,15,0,9.8,Completed
A03379,2025-11-26,Provider A,Primary care,18–34,40,0,1,13,0,17.3,Referred
A00924,2025-11-27,Provider C,Specialty,50–64,14,1,1,11,0,13.4,Completed
A00997,2025-11-27,Provider B,Behavioral health,35–49,33,0,1,11,0,15.8,Completed
A01048,2025-11-27,Provider B,Behavioral health,35–49,1,0,1,8,0,11.1,Completed
A01631,2025-11-27,Provider A,Primary care,35–49,9,0,1,11,0,13.0,Completed
A01748,2025-11-27,Provider A,Primary care,50–64,8,0,1,9,0,2.5,Completed
A02046,2025-11-27,Provider B,Follow-up,50–64,41,0,1,13,1,,No-show
A02370,2025-11-27,Provider D,Primary care,65+,44,0,1,8,0,10.3,Referred
A02741,2025-11-27,Provider C,Primary care,50–64,37,0,1,13,0,19.8,Completed
A02792,2025-11-27,Provider A,Specialty,50–64,10,1,1,13,0,6.3,Completed
A03022,2025-11-27,Provider D,Follow-up,35–49,1,0,1,10,0,18.8,Completed
A03042,2025-11-27,Provider D,Follow-up,35–49,7,0,0,10,0,10.1,Completed
A03262,2025-11-27,Provider A,Primary care,35–49,1,0,1,14,0,18.4,Completed
A03542,2025-11-27,Provider A,Primary care,65+,11,3,1,8,1,,No-show
A00079,2025-11-28,Provider A,Follow-up,35–49,11,0,1,15,1,,No-show
A01197,2025-11-28,Provider A,Follow-up,35–49,24,0,0,9,0,12.4,Completed
A01430,2025-11-28,Provider A,Follow-up,35–49,27,0,0,11,0,12.5,Completed
A01486,2025-11-28,Provider B,Primary care,18–34,15,0,0,11,0,13.4,Completed
A01734,2025-11-28,Provider C,Behavioral health,18–34,38,0,1,11,1,,No-show
A02233,2025-11-28,Provider B,Primary care,35–49,19,0,1,8,0,4.3,Completed
A02273,2025-11-28,Provider A,Follow-up,50–64,44,0,1,13,0,4.4,Completed
A02964,2025-11-28,Provider B,Follow-up,65+,36,0,1,14,0,19.4,Completed
A03477,2025-11-28,Provider C,Behavioral health,18–34,40,2,1,11,1,,No-show
A00218,2025-11-29,Provider B,Follow-up,18–34,28,0,1,16,0,11.1,Completed
A00863,2025-11-29,Provider C,Primary care,65+,28,0,1,11,0,19.8,Completed
A01910,2025-11-29,Provider D,Follow-up,35–49,5,0,0,13,1,,No-show
A01929,2025-11-29,Provider D,Primary care,35–49,6,3,1,14,0,10.2,Completed
A02189,2025-11-29,Provider A,Primary care,35–49,8,0,0,14,0,9.9,Referred
A02490,2025-11-29,Provider B,Follow-up,18–34,26,1,1,11,0,14.9,Completed
A02693,2025-11-29,Provider D,Follow-up,65+,20,1,1,11,0,14.9,Completed
A02931,2025-11-29,Provider C,Follow-up,65+,31,0,0,11,0,15.3,Completed
A00257,2025-11-30,Provider B,Behavioral health,50–64,45,0,1,10,1,,No-show
A00732,2025-11-30,Provider D,Primary care,65+,20,0,1,15,0,12.2,Completed
A00815,2025-11-30,Provider A,Follow-up,65+,22,0,1,16,0,13.4,Completed
A01273,2025-11-30,Provider B,Follow-up,50–64,42,1,1,16,0,10.3,Completed
A01947,2025-11-30,Provider B,Primary care,65+,43,0,0,8,1,,No-show
A01967,2025-11-30,Provider D,Follow-up,18–34,36,0,1,8,0,12.2,Completed
A02215,2025-11-30,Provider B,Follow-up,18–34,44,0,1,16,0,13.4,Completed
A02492,2025-11-30,Provider B,Follow-up,35–49,23,1,1,14,1,,No-show
A02696,2025-11-30,Provider C,Primary care,65+,5,3,1,8,0,22.2,Completed
A03202,2025-11-30,Provider B,Behavioral health,18–34,2,0,1,8,0,2.6,Completed
A03216,2025-11-30,Provider D,Primary care,35–49,6,2,1,15,0,9.4,Completed
A00040,2025-12-01,Provider B,Follow-up,50–64,30,1,1,15,0,19.9,Completed
A00202,2025-12-01,Provider D,Primary care,65+,40,0,1,13,0,11.4,Referred
A00498,2025-12-01,Provider C,Follow-up,50–64,23,1,1,15,0,20.6,Completed
A00509,2025-12-01,Provider D,Primary care,65+,31,0,1,8,0,15.6,Completed
A00638,2025-12-01,Provider D,Follow-up,50–64,39,0,1,16,0,10.6,Completed
A01968,2025-12-01,Provider A,Primary care,35–49,43,2,1,11,1,,No-show
A02250,2025-12-01,Provider C,Follow-up,65+,41,0,1,9,0,10.3,Completed
A02269,2025-12-01,Provider D,Follow-up,18–34,32,0,1,15,0,25.0,Completed
A02923,2025-12-01,Provider B,Primary care,35–49,21,0,0,15,0,6.5,Completed
A02971,2025-12-01,Provider D,Behavioral health,50–64,14,0,1,13,0,5.6,Completed
A03140,2025-12-01,Provider A,Specialty,18–34,34,0,0,15,0,12.0,Completed
A03163,2025-12-01,Provider D,Behavioral health,35–49,5,2,0,16,0,19.2,Completed
A03329,2025-12-01,Provider D,Primary care,65+,8,1,1,9,0,6.3,Completed
A00282,2025-12-02,Provider A,Primary care,65+,19,0,1,11,0,19.4,Completed
A00293,2025-12-02,Provider B,Primary care,65+,18,0,1,9,0,8.8,Completed
A00379,2025-12-02,Provider B,Primary care,35–49,36,0,1,11,0,7.7,Referred
A00524,2025-12-02,Provider B,Specialty,18–34,4,0,0,14,1,,No-show
A00534,2025-12-02,Provider C,Behavioral health,35–49,3,1,1,14,0,26.9,Completed
A00575,2025-12-02,Provider A,Behavioral health,18–34,2,0,0,10,0,17.6,Completed
A00775,2025-12-02,Provider D,Primary care,18–34,19,0,1,9,0,9.2,Completed
A00809,2025-12-02,Provider B,Follow-up,35–49,36,1,1,16,0,15.6,Completed
A00853,2025-12-02,Provider D,Primary care,50–64,18,0,0,14,1,,No-show
A01568,2025-12-02,Provider C,Specialty,35–49,21,1,0,9,1,,No-show
A01798,2025-12-02,Provider D,Follow-up,18–34,29,0,0,13,0,14.1,Referred
A02037,2025-12-02,Provider C,Primary care,50–64,11,0,1,16,0,30.6,Completed
A02144,2025-12-02,Provider C,Primary care,65+,9,1,1,8,0,21.5,Referred
A02188,2025-12-02,Provider D,Primary care,18–34,13,1,0,15,0,12.1,Completed
A02312,2025-12-02,Provider A,Primary care,18–34,31,0,1,14,0,26.0,Completed
A02383,2025-12-02,Provider D,Behavioral health,65+,26,0,1,9,0,15.6,Completed
A02515,2025-12-02,Provider A,Follow-up,65+,37,0,1,10,0,16.2,Referred
A02930,2025-12-02,Provider C,Follow-up,50–64,12,0,1,14,0,27.8,Completed
A00663,2025-12-03,Provider A,Behavioral health,18–34,24,3,1,13,1,,No-show
A00845,2025-12-03,Provider C,Follow-up,35–49,38,0,0,16,0,19.2,Completed
A01442,2025-12-03,Provider D,Specialty,35–49,29,0,1,13,0,11.0,Completed
A01461,2025-12-03,Provider C,Behavioral health,35–49,41,3,1,8,1,,No-show
A01468,2025-12-03,Provider B,Behavioral health,50–64,23,0,1,9,0,11.1,Completed
A02281,2025-12-03,Provider A,Follow-up,18–34,15,0,1,11,0,10.7,Completed
A02473,2025-12-03,Provider D,Follow-up,35–49,9,0,0,8,1,,No-show
A02743,2025-12-03,Provider A,Follow-up,50–64,15,0,1,11,0,8.4,Completed
A00342,2025-12-04,Provider D,Specialty,18–34,45,1,1,9,0,0.9,Completed
A00735,2025-12-04,Provider B,Primary care,18–34,43,0,1,15,0,19.5,Completed
A01220,2025-12-04,Provider B,Follow-up,65+,34,1,1,14,0,16.7,Completed
A01284,2025-12-04,Provider D,Primary care,50–64,38,0,1,9,0,7.4,Completed
A01649,2025-12-04,Provider A,Follow-up,65+,3,2,0,8,0,2.5,Completed
A01989,2025-12-04,Provider B,Primary care,35–49,3,1,1,16,0,14.5,Referred
A02113,2025-12-04,Provider C,Primary care,65+,15,0,1,11,0,23.7,Referred
A02491,2025-12-04,Provider D,Primary care,50–64,25,2,1,14,0,10.1,Referred
A02614,2025-12-04,Provider D,Primary care,18–34,35,1,0,8,0,8.1,Referred
A00265,2025-12-05,Provider C,Primary care,18–34,11,0,1,15,0,27.0,Completed
A00363,2025-12-05,Provider D,Primary care,65+,42,0,1,13,0,14.3,Completed
A00456,2025-12-05,Provider B,Primary care,50–64,12,0,0,15,0,17.8,Completed
A01127,2025-12-05,Provider D,Follow-up,18–34,32,0,0,13,0,14.5,Referred
A01802,2025-12-05,Provider B,Primary care,50–64,21,1,0,10,0,13.5,Completed
A01863,2025-12-05,Provider C,Follow-up,65+,21,0,0,10,0,17.3,Completed
A01886,2025-12-05,Provider D,Primary care,18–34,28,3,1,14,1,,No-show
A01963,2025-12-05,Provider C,Specialty,65+,33,0,0,9,0,16.7,Referred
A02207,2025-12-05,Provider B,Specialty,35–49,15,1,1,8,0,20.3,Completed
A02498,2025-12-05,Provider D,Behavioral health,65+,10,0,0,10,1,,No-show
A02692,2025-12-05,Provider A,Specialty,50–64,29,0,0,16,1,,No-show
A00152,2025-12-06,Provider A,Primary care,65+,6,0,1,9,0,16.5,Completed
A00236,2025-12-06,Provider C,Specialty,65+,43,0,0,14,0,21.1,Completed
A00248,2025-12-06,Provider C,Behavioral health,18–34,7,0,0,9,0,25.9,Completed
A00266,2025-12-06,Provider B,Primary care,50–64,27,1,1,13,0,13.7,Completed
A00294,2025-12-06,Provider A,Primary care,50–64,41,1,1,8,0,9.6,Completed
A01772,2025-12-06,Provider A,Behavioral health,65+,30,0,1,16,0,19.4,Completed
A02025,2025-12-06,Provider B,Follow-up,35–49,45,0,0,16,0,22.6,Completed
A02827,2025-12-06,Provider D,Behavioral health,18–34,2,0,1,13,0,12.7,Referred
A03330,2025-12-06,Provider B,Follow-up,50–64,40,0,0,10,1,,No-show
A03555,2025-12-06,Provider A,Follow-up,65+,31,0,0,15,1,,No-show
A01319,2025-12-07,Provider B,Follow-up,50–64,21,0,1,8,1,,No-show
A02508,2025-12-07,Provider D,Specialty,35–49,23,0,1,16,1,,No-show
A02581,2025-12-07,Provider A,Primary care,50–64,15,0,0,15,0,12.9,Completed
A02589,2025-12-07,Provider B,Behavioral health,65+,40,0,0,15,1,,No-show
A03463,2025-12-07,Provider A,Follow-up,35–49,24,0,1,10,0,5.5,Completed
A00024,2025-12-08,Provider A,Primary care,50–64,38,0,1,10,0,17.0,Completed
A00327,2025-12-08,Provider D,Follow-up,50–64,31,0,0,13,0,9.2,Completed
A00361,2025-12-08,Provider C,Follow-up,50–64,9,1,1,14,0,26.8,Completed
A02032,2025-12-08,Provider D,Follow-up,35–49,17,0,1,16,0,20.1,Completed
A02059,2025-12-08,Provider A,Primary care,18–34,36,0,1,16,0,10.8,Completed
A02248,2025-12-08,Provider B,Follow-up,65+,17,0,1,16,0,8.0,Completed
A02607,2025-12-08,Provider B,Specialty,18–34,10,1,1,15,0,12.8,Completed
A02634,2025-12-08,Provider D,Specialty,18–34,24,0,1,13,0,1.9,Completed
A03387,2025-12-08,Provider B,Primary care,18–34,40,1,1,16,0,18.7,Completed
A00378,2025-12-09,Provider A,Follow-up,50–64,21,0,1,15,0,13.1,Completed
A00420,2025-12-09,Provider B,Behavioral health,65+,36,0,1,14,0,7.3,Completed
A00565,2025-12-09,Provider B,Specialty,65+,32,0,1,10,0,12.5,Completed
A01009,2025-12-09,Provider A,Behavioral health,35–49,35,0,1,15,0,10.9,Referred
A01219,2025-12-09,Provider B,Primary care,18–34,3,0,1,16,0,15.1,Completed
A01439,2025-12-09,Provider C,Follow-up,18–34,10,0,1,9,0,19.0,Completed
A01460,2025-12-09,Provider C,Specialty,18–34,17,0,0,13,0,29.6,Completed
A01753,2025-12-09,Provider D,Primary care,50–64,45,1,1,13,1,,No-show
A02429,2025-12-09,Provider C,Primary care,18–34,5,1,0,16,0,29.1,Completed
A00058,2025-12-10,Provider A,Behavioral health,35–49,6,0,1,8,0,11.7,Completed
A00677,2025-12-10,Provider C,Behavioral health,65+,28,0,1,15,0,20.1,Completed
A00977,2025-12-10,Provider A,Follow-up,65+,26,0,0,9,0,16.2,Completed
A01590,2025-12-10,Provider A,Primary care,50–64,36,1,1,9,0,11.7,Completed
A03508,2025-12-10,Provider B,Specialty,65+,22,0,0,10,1,,No-show
A00210,2025-12-11,Provider C,Follow-up,65+,12,1,1,14,0,27.1,Completed
A00301,2025-12-11,Provider A,Primary care,65+,2,0,0,15,0,6.6,Referred
A00443,2025-12-11,Provider A,Primary care,50–64,25,0,1,9,0,9.8,Completed
A00790,2025-12-11,Provider D,Follow-up,18–34,26,1,1,15,0,16.9,Completed
A00898,2025-12-11,Provider A,Primary care,18–34,36,0,1,11,0,10.9,Completed
A01087,2025-12-11,Provider A,Follow-up,18–34,18,0,1,11,0,3.5,Completed
A01523,2025-12-11,Provider A,Primary care,35–49,22,1,1,10,0,8.0,Completed
A01591,2025-12-11,Provider A,Primary care,65+,32,0,0,15,0,12.5,Completed
A01620,2025-12-11,Provider B,Follow-up,18–34,31,0,0,11,0,15.1,Completed
A01936,2025-12-11,Provider A,Specialty,18–34,3,1,1,15,0,14.9,Completed
A01969,2025-12-11,Provider A,Primary care,35–49,24,1,0,13,0,7.0,Referred
A02439,2025-12-11,Provider C,Primary care,35–49,41,1,1,14,1,,No-show
A02848,2025-12-11,Provider D,Behavioral health,65+,38,0,1,15,1,,No-show
A03063,2025-12-11,Provider B,Primary care,18–34,28,0,1,11,0,3.8,Completed
A03482,2025-12-11,Provider A,Specialty,35–49,8,2,1,8,1,,No-show
A00250,2025-12-12,Provider A,Behavioral health,35–49,42,0,0,16,0,8.3,Completed
A01082,2025-12-12,Provider C,Behavioral health,50–64,11,0,1,10,0,17.6,Completed
A01423,2025-12-12,Provider B,Specialty,65+,39,1,0,16,1,,No-show
A01457,2025-12-12,Provider C,Primary care,50–64,40,0,0,13,0,25.6,Completed
A01811,2025-12-12,Provider D,Behavioral health,35–49,30,1,1,9,1,,No-show
A02466,2025-12-12,Provider A,Follow-up,50–64,4,0,1,13,1,,No-show
A02711,2025-12-12,Provider D,Follow-up,18–34,20,0,1,10,0,9.4,Completed
A03016,2025-12-12,Provider D,Follow-up,65+,17,0,1,9,0,5.6,Referred
A03247,2025-12-12,Provider A,Follow-up,35–49,4,0,0,16,0,17.9,Completed
A03324,2025-12-12,Provider B,Specialty,50–64,31,0,0,13,0,6.1,Referred
A03349,2025-12-12,Provider B,Specialty,18–34,39,0,0,14,0,9.2,Completed
A00047,2025-12-13,Provider D,Follow-up,18–34,28,0,0,11,0,12.8,Completed
A00310,2025-12-13,Provider B,Primary care,50–64,21,0,1,13,0,11.8,Completed
A00588,2025-12-13,Provider D,Primary care,65+,23,2,1,16,0,8.8,Completed
A00759,2025-12-13,Provider B,Primary care,35–49,5,0,1,16,0,22.3,Completed
A00999,2025-12-13,Provider D,Primary care,65+,5,0,1,16,0,17.7,Completed
A01240,2025-12-13,Provider A,Primary care,18–34,22,0,0,11,0,9.6,Completed
A01653,2025-12-13,Provider C,Follow-up,18–34,32,2,1,13,0,20.5,Completed
A02124,2025-12-13,Provider C,Follow-up,65+,27,1,1,16,0,23.2,Completed
A02213,2025-12-13,Provider D,Primary care,18–34,23,0,1,9,1,,No-show
A02598,2025-12-13,Provider C,Behavioral health,18–34,37,0,0,13,0,24.1,Completed
A02665,2025-12-13,Provider C,Follow-up,65+,17,0,1,14,0,17.1,Referred
A00118,2025-12-14,Provider D,Follow-up,18–34,10,0,1,11,0,14.4,Completed
A00492,2025-12-14,Provider D,Follow-up,65+,8,0,1,9,0,18.5,Referred
A01560,2025-12-14,Provider C,Primary care,50–64,13,0,1,13,0,27.0,Completed
A01972,2025-12-14,Provider D,Follow-up,50–64,23,0,1,13,0,10.9,Completed
A02287,2025-12-14,Provider B,Behavioral health,65+,1,1,1,13,0,9.5,Completed
A02987,2025-12-14,Provider B,Follow-up,35–49,19,1,1,16,0,13.3,Referred
A03386,2025-12-14,Provider B,Primary care,65+,14,0,0,8,0,9.2,Completed
A03575,2025-12-14,Provider C,Follow-up,18–34,15,0,1,10,0,24.0,Completed
A00279,2025-12-15,Provider C,Specialty,65+,15,0,1,15,0,26.7,Completed
A00525,2025-12-15,Provider A,Behavioral health,50–64,27,0,1,15,0,9.8,Referred
A01662,2025-12-15,Provider A,Follow-up,65+,25,2,1,16,0,7.6,Referred
A02030,2025-12-15,Provider D,Behavioral health,50–64,33,0,0,15,1,,No-show
A02239,2025-12-15,Provider A,Primary care,65+,25,0,1,14,0,16.6,Completed
A01002,2025-12-16,Provider B,Primary care,18–34,7,0,1,8,0,10.6,Completed
A02380,2025-12-16,Provider B,Specialty,50–64,27,1,1,9,0,12.2,Completed
A02545,2025-12-16,Provider C,Follow-up,65+,22,0,1,8,0,24.0,Completed
A03310,2025-12-16,Provider A,Primary care,18–34,14,2,1,16,0,20.2,Completed
A03323,2025-12-16,Provider A,Primary care,18–34,15,0,0,13,0,15.5,Completed
A03470,2025-12-16,Provider D,Specialty,18–34,14,0,1,11,0,14.5,Completed
A03553,2025-12-16,Provider B,Follow-up,50–64,4,0,0,15,0,18.7,Completed
A00075,2025-12-17,Provider C,Specialty,65+,5,0,1,16,0,16.7,Completed
A00206,2025-12-17,Provider B,Behavioral health,18–34,29,0,0,9,0,10.0,Completed
A00227,2025-12-17,Provider B,Primary care,50–64,29,0,1,13,0,17.4,Completed
A00656,2025-12-17,Provider D,Behavioral health,50–64,36,0,0,9,0,6.0,Referred
A00685,2025-12-17,Provider A,Specialty,50–64,36,0,1,15,1,,No-show
A00691,2025-12-17,Provider D,Behavioral health,65+,5,2,0,11,0,9.6,Completed
A00897,2025-12-17,Provider D,Behavioral health,50–64,19,0,1,10,1,,No-show
A00998,2025-12-17,Provider A,Follow-up,50–64,11,0,0,9,0,7.5,Completed
A01588,2025-12-17,Provider B,Specialty,18–34,4,0,0,9,0,8.2,Completed
A01652,2025-12-17,Provider A,Behavioral health,35–49,45,1,1,9,1,,No-show
A01954,2025-12-17,Provider C,Behavioral health,35–49,23,0,1,11,0,23.7,Completed
A02200,2025-12-17,Provider B,Primary care,65+,40,0,1,16,0,9.9,Completed
A03130,2025-12-17,Provider C,Follow-up,18–34,5,1,1,13,0,18.8,Completed
A00031,2025-12-18,Provider D,Behavioral health,65+,24,0,1,9,1,,No-show
A00487,2025-12-18,Provider A,Follow-up,35–49,41,0,1,9,0,15.5,Completed
A00695,2025-12-18,Provider C,Specialty,65+,8,1,1,11,0,22.3,Completed
A01283,2025-12-18,Provider B,Follow-up,50–64,10,0,0,15,0,11.0,Completed
A01380,2025-12-18,Provider A,Behavioral health,35–49,5,0,1,13,0,11.7,Completed
A01403,2025-12-18,Provider B,Behavioral health,50–64,23,0,1,16,0,17.0,Completed
A01859,2025-12-18,Provider C,Primary care,50–64,24,0,0,14,1,,No-show
A02013,2025-12-18,Provider B,Primary care,35–49,16,0,1,11,0,3.2,Completed
A02105,2025-12-18,Provider B,Specialty,65+,21,2,1,15,0,17.3,Completed
A02592,2025-12-18,Provider C,Follow-up,65+,25,0,1,11,0,19.6,Completed
A00611,2025-12-19,Provider A,Specialty,65+,37,0,1,9,0,8.1,Completed
A01176,2025-12-19,Provider A,Primary care,35–49,44,2,1,8,1,,No-show
A01311,2025-12-19,Provider C,Primary care,50–64,42,0,1,15,0,25.8,Completed
A01535,2025-12-19,Provider A,Follow-up,65+,38,1,1,9,0,14.5,Completed
A02586,2025-12-19,Provider A,Follow-up,65+,9,0,1,15,0,20.5,Completed
A02699,2025-12-19,Provider A,Primary care,18–34,2,0,1,14,0,17.5,Completed
A02956,2025-12-19,Provider C,Behavioral health,65+,33,2,1,15,1,,No-show
A03107,2025-12-19,Provider D,Behavioral health,50–64,36,0,1,14,0,20.1,Completed
A03190,2025-12-19,Provider B,Follow-up,65+,9,0,1,16,0,18.2,Completed
A03426,2025-12-19,Provider B,Primary care,18–34,43,0,1,8,0,5.6,Referred
A00049,2025-12-20,Provider B,Behavioral health,50–64,1,2,0,10,0,10.3,Completed
A00053,2025-12-20,Provider D,Follow-up,35–49,39,1,1,14,1,,No-show
A00289,2025-12-20,Provider D,Primary care,35–49,20,0,1,9,0,14.2,Completed
A00445,2025-12-20,Provider B,Follow-up,18–34,40,0,1,10,0,9.8,Completed
A00687,2025-12-20,Provider C,Specialty,50–64,31,0,1,10,0,14.0,Completed
A00724,2025-12-20,Provider B,Follow-up,50–64,16,0,1,16,0,22.2,Completed
A01618,2025-12-20,Provider B,Primary care,18–34,1,0,1,10,0,8.1,Completed
A01683,2025-12-20,Provider A,Primary care,35–49,45,1,1,11,0,7.4,Completed
A02410,2025-12-20,Provider C,Primary care,65+,13,0,0,15,0,20.8,Completed
A02574,2025-12-20,Provider D,Behavioral health,35–49,37,0,1,15,0,15.8,Completed
A02673,2025-12-20,Provider A,Follow-up,18–34,33,0,1,16,0,19.9,Referred
A02718,2025-12-20,Provider B,Specialty,18–34,29,1,1,11,0,15.2,Completed
A03206,2025-12-20,Provider C,Follow-up,50–64,17,1,1,14,0,29.1,Referred
A03439,2025-12-20,Provider A,Primary care,35–49,23,2,1,9,0,15.1,Completed
A03443,2025-12-20,Provider C,Primary care,50–64,37,0,1,10,0,20.8,Completed
A03490,2025-12-20,Provider D,Follow-up,18–34,14,1,1,9,0,7.3,Completed
A00059,2025-12-21,Provider B,Behavioral health,65+,38,0,1,9,0,19.7,Completed
A00239,2025-12-21,Provider A,Primary care,18–34,33,2,1,11,0,9.8,Completed
A01965,2025-12-21,Provider B,Behavioral health,18–34,27,1,1,11,0,1.7,Completed
A02006,2025-12-21,Provider B,Behavioral health,50–64,17,0,1,13,0,13.6,Completed
A02838,2025-12-21,Provider C,Primary care,50–64,8,1,1,9,0,19.7,Completed
A03009,2025-12-21,Provider A,Primary care,50–64,19,0,1,11,0,12.2,Completed
A03056,2025-12-21,Provider C,Primary care,65+,20,0,1,11,0,22.6,Completed
A03089,2025-12-21,Provider B,Behavioral health,65+,26,2,0,14,0,12.4,Completed
A00617,2025-12-22,Provider D,Follow-up,50–64,37,0,1,10,0,12.1,Completed
A00981,2025-12-22,Provider A,Behavioral health,65+,36,0,1,16,0,7.6,Completed
A01094,2025-12-22,Provider B,Behavioral health,18–34,2,0,1,15,0,17.3,Completed
A01276,2025-12-22,Provider D,Follow-up,18–34,30,0,1,9,1,,No-show
A01333,2025-12-22,Provider B,Behavioral health,50–64,20,2,0,16,0,22.6,Completed
A01809,2025-12-22,Provider C,Behavioral health,18–34,3,2,1,14,0,25.4,Completed
A02194,2025-12-22,Provider B,Primary care,50–64,25,0,0,14,1,,No-show
A02924,2025-12-22,Provider A,Follow-up,35–49,45,1,1,16,0,10.8,Completed
A03534,2025-12-22,Provider A,Primary care,65+,44,0,1,14,0,3.9,Completed
A00002,2025-12-23,Provider C,Follow-up,65+,17,2,1,11,0,15.7,Completed
A00138,2025-12-23,Provider B,Primary care,65+,31,0,0,14,0,21.5,Completed
A00223,2025-12-23,Provider A,Specialty,35–49,44,0,1,9,0,10.5,Completed
A00824,2025-12-23,Provider A,Behavioral health,35–49,16,1,1,8,0,12.9,Completed
A00931,2025-12-23,Provider A,Primary care,18–34,10,1,0,15,0,11.8,Referred
A02264,2025-12-23,Provider C,Behavioral health,18–34,40,0,1,10,0,21.6,Completed
A03078,2025-12-23,Provider A,Primary care,65+,34,1,0,14,0,12.1,Referred
A03146,2025-12-23,Provider C,Follow-up,35–49,31,0,1,14,0,25.3,Completed
A03438,2025-12-23,Provider A,Primary care,18–34,11,0,0,11,0,10.9,Completed
A00247,2025-12-24,Provider C,Follow-up,35–49,41,1,1,10,0,17.7,Completed
A00877,2025-12-24,Provider D,Follow-up,65+,45,1,1,13,0,10.6,Completed
A01089,2025-12-24,Provider B,Follow-up,65+,22,0,1,13,0,8.3,Completed
A02348,2025-12-24,Provider B,Follow-up,65+,31,0,0,9,0,12.9,Completed
A02652,2025-12-24,Provider D,Behavioral health,18–34,10,0,1,15,0,11.2,Completed
A00009,2025-12-25,Provider A,Behavioral health,65+,45,0,1,15,0,18.5,Completed
A00384,2025-12-25,Provider A,Follow-up,18–34,32,0,1,13,0,16.6,Completed
A01551,2025-12-25,Provider B,Behavioral health,50–64,8,2,1,10,1,,No-show
A02511,2025-12-25,Provider A,Specialty,50–64,33,2,1,14,0,11.1,Completed
A03416,2025-12-25,Provider B,Primary care,18–34,24,0,1,10,0,3.8,Completed
A01001,2025-12-26,Provider D,Behavioral health,18–34,26,0,1,14,0,10.1,Referred
A01126,2025-12-26,Provider A,Primary care,65+,33,0,0,11,0,6.3,Completed
A01377,2025-12-26,Provider D,Primary care,65+,9,0,1,9,0,15.6,Completed
A01411,2025-12-26,Provider B,Behavioral health,50–64,43,3,0,15,1,,No-show
A01622,2025-12-26,Provider D,Primary care,35–49,3,0,1,16,0,11.2,Completed
A01763,2025-12-26,Provider D,Follow-up,35–49,23,2,1,16,0,0.8,Completed
A02355,2025-12-26,Provider D,Primary care,35–49,21,1,1,16,0,14.4,Completed
A02444,2025-12-26,Provider D,Behavioral health,35–49,16,1,1,11,1,,No-show
A02568,2025-12-26,Provider D,Behavioral health,65+,33,0,1,8,0,11.1,Completed
A03399,2025-12-26,Provider D,Primary care,35–49,8,0,1,9,0,13.4,Completed
A00107,2025-12-27,Provider B,Follow-up,35–49,42,0,1,16,0,11.5,Completed
A00952,2025-12-27,Provider C,Follow-up,18–34,9,2,1,10,0,9.0,Completed
A01151,2025-12-27,Provider A,Primary care,50–64,36,0,0,8,0,17.1,Completed
A01259,2025-12-27,Provider D,Behavioral health,50–64,44,0,1,15,0,14.2,Completed
A01425,2025-12-27,Provider C,Behavioral health,50–64,19,1,1,15,0,24.8,Completed
A01647,2025-12-27,Provider D,Follow-up,18–34,1,1,0,11,0,2.5,Referred
A01875,2025-12-27,Provider C,Primary care,65+,27,0,1,13,0,15.7,Completed
A02004,2025-12-27,Provider C,Follow-up,65+,10,2,1,16,0,31.6,Completed
A02805,2025-12-27,Provider C,Primary care,65+,9,1,1,16,0,21.2,Referred
A03105,2025-12-27,Provider B,Primary care,18–34,44,0,0,8,0,0.5,Completed
A03276,2025-12-27,Provider B,Follow-up,18–34,6,0,1,15,0,1.8,Completed
A03436,2025-12-27,Provider D,Primary care,50–64,13,0,1,16,0,12.9,Referred
A00191,2025-12-28,Provider A,Primary care,50–64,9,1,0,15,0,19.2,Completed
A00285,2025-12-28,Provider D,Follow-up,50–64,4,0,1,8,0,7.8,Completed
A00387,2025-12-28,Provider A,Follow-up,35–49,7,0,1,15,1,,No-show
A00480,2025-12-28,Provider C,Primary care,35–49,6,1,1,16,0,27.0,Completed
A00729,2025-12-28,Provider A,Follow-up,50–64,24,2,0,14,1,,No-show
A00786,2025-12-28,Provider B,Follow-up,65+,20,0,1,14,0,10.4,Completed
A00788,2025-12-28,Provider B,Primary care,35–49,39,0,1,10,0,0.8,Referred
A00937,2025-12-28,Provider C,Follow-up,50–64,2,0,1,11,0,21.9,Completed
A02471,2025-12-28,Provider A,Specialty,50–64,28,0,1,9,0,4.6,Completed
A02555,2025-12-28,Provider D,Follow-up,18–34,33,0,1,15,0,21.6,Completed
A02847,2025-12-28,Provider C,Follow-up,35–49,3,0,1,15,0,27.5,Completed
A00122,2025-12-29,Provider B,Primary care,65+,7,0,1,9,0,4.8,Completed
A00749,2025-12-29,Provider B,Primary care,50–64,44,1,1,13,0,20.7,Completed
A00871,2025-12-29,Provider C,Behavioral health,18–34,8,1,0,13,0,17.4,Completed
A01184,2025-12-29,Provider B,Primary care,50–64,9,0,1,10,0,8.0,Completed
A01550,2025-12-29,Provider D,Follow-up,50–64,40,0,1,14,0,14.1,Completed
A01831,2025-12-29,Provider D,Primary care,65+,15,3,1,10,0,8.8,Completed
A02127,2025-12-29,Provider A,Primary care,35–49,10,2,1,13,0,7.3,Completed
A02286,2025-12-29,Provider A,Behavioral health,18–34,43,0,1,13,1,,No-show
A03240,2025-12-29,Provider D,Specialty,18–34,40,1,1,14,1,,No-show
A01682,2025-12-30,Provider D,Primary care,35–49,31,0,1,10,1,,No-show
A01991,2025-12-30,Provider B,Behavioral health,35–49,20,0,1,11,0,11.8,Completed
A02033,2025-12-30,Provider B,Behavioral health,65+,27,0,1,13,0,9.8,Completed
A03382,2025-12-30,Provider B,Primary care,50–64,40,1,1,16,0,15.1,Completed
A00025,2025-12-31,Provider D,Specialty,18–34,23,0,1,13,0,13.2,Completed
A00592,2025-12-31,Provider B,Primary care,35–49,20,0,1,9,0,9.6,Referred
A01454,2025-12-31,Provider B,Behavioral health,50–64,11,0,1,11,0,15.4,Completed
A02085,2025-12-31,Provider A,Specialty,65+,42,0,1,8,0,15.6,Completed
A02616,2025-12-31,Provider D,Primary care,50–64,12,0,1,13,0,14.0,Referred
A02893,2025-12-31,Provider C,Primary care,65+,33,1,1,10,0,19.1,Completed
A03314,2025-12-31,Provider B,Behavioral health,50–64,2,0,1,9,0,1.9,Completed
A03352,2025-12-31,Provider A,Follow-up,50–64,1,0,1,8,0,12.7,Completed
